ID,Name,Slug,Status,Category,Subcategory,Area,Price Range,Featured,Insider Pick,Best Of,Verified,Description,Insider Tip,Address Description,Hours Text,Phone,WhatsApp,Email,Website,Facebook,Instagram,Latitude,Longitude,Rating,Review Count,Features,Collections,Images,Additional Categories,Additional Locations,Menu Images
b001,Sundowners Bar & Grill,sundowners-bar-grill,active,Eat,Seafood,West End,$$,yes,no,no,yes,"Iconic West End waterfront restaurant and bar on Half Moon Bay Beach. Fresh seafood, Caribbean favorites, famous Monkey La La cocktails, and the best sunset views on Roatan. Live music Tue & Fri nights.",Grab a dock seat by 4:30pm for sunset.,"Main road in West End, on the water",Daily 7am–10pm; Happy Hour 5–7pm,+504-9876-5432,+50498765432,,https://sundownersroatan.com,,@sundownersroatan,16.306575,-86.592659,4.6,1562,"Waterfront, Live Music, WiFi, Beachfront, Happy Hour, Music",,business_placeholder,drink:Beach Bar | nightlife:Live Music,,
b002,Cannibal Cafe,cannibal-cafe,active,Eat,Mexican,West End,$,no,no,no,yes,"Best Mexican food on Roatan since 1996. Home of the legendary Big Kahuna Burrito, lionfish tacos, and a DIY salsa bar with custom spice levels. Huge portions, tiny prices — locals and divers pack this two-story West End spot nightly.",The banana pancakes are legendary.,"Half Moon Bay road, West End",Mon–Sat 7am–10pm; Closed Sun,+504-9871-2345,+50498712345,,,,,16.304557,-86.593733,4.4,624,"Breakfast, Budget Friendly, Takeout",,business_placeholder,,,
b003,Roatan Oasis,roatan-oasis,active,Eat,Fine Dining,West End,$$$,yes,no,no,yes,"Top-rated fine dining in West End with an internationally inspired, ever-changing menu. Steaks, fresh-caught seafood, and the island's largest craft beer selection. Stunning sunset views — reserve ahead, this intimate gem fills up fast.",Try the chipotle ribs and blue cheese gnocchi.,"Main road, West End",Tue–Fri 5:30pm–8pm; Reservations required,+504-9870-1234,+50498701234,,,,@roatanoasis,16.302561,-86.590573,4.8,1104,"Romantic, Cocktails, Reservations",,business_placeholder,,,
b004,Calelu's,calelus,active,Eat,Street Food,West End,$,no,yes,no,yes,"The baleada stand West End locals swear by. Giant fresh flour tortillas stuffed to order for under $2, plus a daily $6 lunch plate with meat, plantains, rice, and salad. Ocean-view patio upstairs — bring cash and an appetite.",Get the loaded baleada for under $2 - best deal on the island.,"Main road, West End",Daily lunch & dinner,,,,,,,16.304557,-86.5939,4.0,377,"Budget Friendly, Local Food, Quick Service",,business_placeholder,,,
b005,Anthony's Chicken,anthonys-chicken,active,Eat,Caribbean Fusion,West End,$,no,yes,no,yes,"Rosie's legendary jerk chicken — custom-spiced to your heat level and served with her famous rice and beans. A $7 meal that rivals anything on the island. Cash only, made to order, worth every minute of the wait. A true West End institution.",The jerk chicken is a must - pair it with a cold local beer.,"Main road, West End",Daily; hours vary,,,,,,,16.302525,-86.593941,4.7,465,"Local Food, Budget Friendly, Takeout",,business_placeholder,,,
b007,Pazzo Italian Restaurant,pazzo-italian,active,Eat,Italian,West End,$$,no,no,no,yes,"Tiny 25-seat Italian bistro where Chef Gianni handmakes every pasta dish to order. BYOB, reservations required 2+ weeks in advance — and absolutely worth the planning. Bruschetta and lasagna are the stuff of Roatan legend.",Reservations are essential - seating is very limited. Bring your own wine!,"West End, near Half Moon Bay",Mon–Fri 5:30pm–9pm; Closed Sat & Sun,,,,,,,16.305326,-86.592251,4.8,250,"Romantic, Reservations, Vegetarian Options",,business_placeholder,,,
b009,Mila del Mar,mila-del-mar,active,Eat,Fine Dining,West End,$$$,no,no,no,yes,"Ranked #3 restaurant in West End on TripAdvisor. Upscale Caribbean dining on the second floor of The Beach House with unobstructed Half Moon Bay views. Locally caught fish, craft cocktails, and warm candlelit ambiance — pure island elegance.",Sunset dinner on the second floor terrace is unforgettable.,"The Beach House, Half Moon Bay, West End",Breakfast 7–10:30am; Dinner noon–9pm daily,,,,,,@miladelmar_roatan,16.306198,-86.59264,4.9,238,"Ocean View, Romantic, Cocktails",,business_placeholder,,,
b010,Blue Elephant Thai,blue-elephant-thai,active,Eat,Asian,West End,$$,no,no,no,yes,"Surprisingly authentic Thai cuisine overlooking the bay in West End. Two floors of seating plus waterfront tables. Pad thai, green curry, and spicy noodle dishes served with 16+ years of culinary expertise. A welcome change from Caribbean fare.",The pad thai with lobster is the splurge-worthy order.,"Waterfront, West End",Tue–Sun 11am–9:30pm,,,,,,,16.304627,-86.594075,4.6,261,"Waterfront, Vegetarian Options, Ocean View",,business_placeholder,,,
b011,Crisp Roatan,crisp-roatan,active,Eat,Cafe,West End,$,no,no,no,yes,"Roatan's go-to for fresh poke bowls, colorful salads, and cold-pressed juices in an Instagram-worthy setting. AC, WiFi, and vegan-friendly options make this cheerful West End cafe the perfect healthy lunch break between dives.",The poke bowls are fresh and perfectly portioned for a light lunch.,West End village,Mon–Sat 10:30am–6pm; Closed Sun,,,,,,@crisproatan,16.3043,-86.594,5.0,50,"Vegetarian Options, Quick Service, WiFi",,business_placeholder,,,
b012,Sandy Buns Bakery,sandy-buns,active,Eat,Cafe,West End,$,yes,no,no,yes,"Voted #1 restaurant in West End by locals. Famous cinnamon rolls, Texas-style smoked brisket, and freshly baked breads by a former Texas couple. Gluten-free options with a dedicated fryer. Breakfast and lunch only — get there early.",Get there early - the fresh baked goods sell out fast.,Heart of West End,Daily 8am–3pm,,,,,,@sandybunsroatan,16.304951,-86.593557,4.7,368,"Breakfast, Coffee, Pastries",,business_placeholder,,,
b013,Cafe de Palo,cafe-de-palo,active,Eat,Cafe,West End,$,no,no,no,yes,"Hidden coffee gem in Mangrove Bight with three gorgeous seating areas — including a covered dock on the water with couches. Espresso, fresh pastries, all-day brunch, and cocktails. An escape from the West End crowds.",The atmosphere alone is worth the visit - perfect for remote work.,"Mangrove Bight, West End",Wed–Mon 7am–6pm; Closed Tue,,,,,,@cafedepalo,16.3075,-86.5902,4.4,51,"Coffee, WiFi, Breakfast",,business_placeholder,,,
b019,Thirsty Turtle,thirsty-turtle,active,Eat,Pizza,West Bay,$$,no,no,no,yes,"Lively beachfront bar and restaurant at Bananarama on West Bay Beach. Wood-fired brick oven pizza, sunset cocktails, and nightly entertainment — karaoke, trivia, crab races, and fire dancers. The fun never stops at the Turtle.",Their pizza spot on the deck is the perfect casual dinner.,West Bay Beach,"Daily breakfast, lunch, dinner; Happy Hour 4–6pm",,,,,,@thirstyturtleroatan,16.2775,-86.5994,4.2,1366,"Beachfront, Live Music, Family Friendly",,business_placeholder,nightlife:Live Music,,
b020,Naboo Restaurant,naboo-restaurant,active,Eat,Caribbean Fusion,West Bay,$$,no,no,no,yes,"Refined Caribbean fusion at this adults-only West Bay resort restaurant. Exquisite local cuisine, fresh seafood, and tropical garden ambiance with stunning ocean views. Surprisingly reasonable prices for the quality and setting.",Ask for the seafood special of the day.,West Bay Beach area,Daily 7am–8:30pm,,,,,,,16.28,-86.597,4.8,139,"Ocean View, Reservations, Romantic",,business_placeholder,,,
b022,Ibagari Sea Salt Restaurant,ibagari-sea-salt,active,Eat,Fine Dining,West Bay,$$$,no,no,no,yes,West Bay's #1-ranked restaurant on TripAdvisor. Chef Rick Zachrisson serves USDA Prime beef and fresh-caught fish in an intimate oceanfront setting at Ibagari Boutique Hotel. The lobster ravioli and limoncello tiramisu are legendary.,The tasting menu is a splurge but worth every penny.,"Ibagari Boutique Hotel, West Bay",Daily 4:30pm–10pm; Closed Mon,,,,,,,16.287586,-86.59598,4.8,200,"Fine Dining, Reservations, Romantic",,business_placeholder,,,
b023,Hangover Hut,hangover-hut,active,Eat,Cafe,West Bay,$,no,no,no,yes,"Canadian-run West Bay beachfront spot famous for real-deal poutine, USDA burgers, donairs, and Philly cheese chicken. Live entertainment nightly. Comfort food done right on the Caribbean sand — because sometimes you need gravy with your ocean view.","Yes, the poutine in the Caribbean is actually amazing.",West Bay Beach,Daily; hours vary,,,,,,,16.278,-86.599,4.7,487,"Beachfront, Live Music, Budget Friendly",,business_placeholder,,,
b024,La Placita,la-placita,active,Eat,Street Food,West Bay,$,no,no,no,yes,"Open-air collection of food stands in West Bay offering everything from pupusas to tacos to gelato. Multiple vendors, rock-bottom prices, and the casual street food vibe that makes Honduran eating so special. Perfect for a quick, cheap, authentic bite.",Try a pupusa from one stand and gelato from another - best cheap eats.,"Near Bananarama, West Bay",Daily; hours vary by vendor,,,,,,,16.2805,-86.5975,,,"Budget Friendly, Quick Service, Local Food",,business_placeholder,,,
b025,Vintage Pearl,vintage-pearl,active,Eat,Fine Dining,West Bay,$$$,no,no,no,yes,French-Caribbean fine dining at Bananarama Resort with the island's largest wine cellar — a 6-page list. Walk barefoot down a tiki-lit sandy path to a candlelit table. The Sunday brunch is legendary. Worth every lempira.,The wine selection is unmatched on the island - ask the sommelier.,"Bananarama Resort, West Bay",Dinner nightly; Sunday brunch; Reservations recommended,,,,,,,16.275083,-86.5993,4.5,928,"Romantic, Wine Selection, Reservations",,business_placeholder,,,
b026,Celeste's Island Cuisine,celestes-island-cuisine,active,Eat,Seafood,West Bay,$$,no,no,no,yes,Award-winning West Bay seafood restaurant with the best lobster tail on the island and jumbo coconut shrimp. Wednesday all-you-can-eat lobster special is unmissable. Rescued parrots roam the garden. Outdoor romance meets Caribbean flavor.,Thursday night live music with lobster is the island's best date night.,Heart of West Bay,Daily lunch & dinner; Wed all-you-can-eat lobster,,,,,,,16.2805,-86.5973,4.5,856,"Live Music, Romantic, Ocean View",,business_placeholder,,,
b028,Dragonfly Sushi & Fusion,dragonfly-sushi,active,Eat,Asian,Sandy Bay,$$,no,no,no,yes,"Fresh, creative sushi and Asian fusion at Coral Stone Plaza in Sandy Bay. Beautiful murals, full bar, and daily specials. Caribbean-Asian flavors meet affordable prices — a newer spot that's quickly earning a loyal following.",The specialty rolls are creative and beautifully presented.,"Coral Stone Shopping Mall, Sandy Bay",Mon–Fri 12–3pm & 5–9pm,,,,,,@dragonflysushi,16.331448,-86.562917,4.7,7,"Cocktails, Vegetarian Options, WiFi",,business_placeholder,,,
b033,Gio's Restaurant,gios-restaurant,active,Eat,Seafood,French Harbour,$$$,yes,no,yes,yes,"World-renowned French Harbour landmark since 1994. Pioneer of the Spiny Caribbean King Crab dish and winner of Honduras' Top 30 Touristic Marvels award. Fresh seafood, Italian classics, and private waterfront dining at a Roatan institution.",The king crab is the reason this place exists - don't order anything else.,"On the water, French Harbour",Daily lunch & dinner,,,,,,@giosroatan,16.347933,-86.459885,4.3,590,"Waterfront, Reservations, Romantic",,business_placeholder,,,
b034,Romeo's Restaurant,romeos-restaurant,active,Eat,Italian,French Harbour,$$,no,no,no,yes,"Elegant waterfront Italian dining in French Harbour since 1978. Wood-fired pizza from a proper oven, USDA choice steaks, a fresh herb garden, and an excellent wine list. One of Roatan's oldest and most respected restaurants.",The wood-fired pizza rivals anything in Italy.,French Harbour bay front,Mon–Sat lunch & dinner,,,,,,,16.34997,-86.460021,4.5,168,"Waterfront, Pizza, Romantic",,business_placeholder,,,
b035,Herby's Sports Bar & Grill,herbys-sports-bar-grill,active,Eat,American,French Harbour,$$,no,no,no,yes,"Arguably the best sports bar in Honduras. 34 HD TVs, a 10-foot screen, sports memorabilia museum, and a suspended scoreboard — all inside the Clarion Suites. Wings, pizza from $6, and ice-cold beers. NFL Sundays are electric.",Come for game day - the wings and atmosphere can't be beat.,"Clarion Suites, French Harbour",Daily; game nights,,,,,,,16.35939,-86.454936,4.1,334,"Sports TV, WiFi, Family Friendly",,business_placeholder,nightlife:Sports Bar,,
b036,Salty Dawg,salty-dawg,active,Eat,Cajun & Caribbean,Oak Ridge,$$,no,yes,no,yes,"Lively Cajun-inspired waterfront eatery in Oak Ridge, serving creative shrimp, fish, chicken, and pork dishes bursting with flavor. Shares a building on the bay with Serve Coffee. Live music every Friday afternoon draws a fun crowd. A real east-side gem worth the drive from West Bay.",Come for the Friday live music from 1-4pm — grab a waterfront seat early and try the Cajun shrimp.,"On the water in downtown Oak Ridge, same building as Serve Coffee",Daily; Fri live entertainment,,,saltydawgroatan@gmail.com,,https://www.facebook.com/SaltyDawgRoatan/,,16.389587,-86.356025,4.5,50,"Waterfront, Cajun, Live Music, Outdoor Seating, Takeout",,business_placeholder,,,
b042,Booty Bar,booty-bar,active,Drink,Party Bar,West End,$,no,no,no,yes,"Waterfront bar by day, pumping nightclub after dark. Two buildings over the water with DJs, light shows, and Caribbean cocktails. West End's go-to spot when you want to dance with your feet in the sand.",It's chill during the day but gets wild after 10pm.,"Waterfront, West End",Mon–Thu 7:30am–10pm; Fri–Sun 7:30am–late,,,,,,@bootybarroatan,16.3044,-86.59395,4.0,95,"Waterfront, DJ, Dancing",,business_placeholder,nightlife:Night Club,,
b043,Frank's,franks-bar,active,Drink,Party Bar,West End,$,no,no,no,yes,"Late-night West End institution with a cigar lounge, outdoor dance floor between two buildings, and premium Cuban and Honduran cigars. Excellent cocktails flow until the last person leaves. The place to end your night in West End.",This is where the night ends up - usually after midnight.,West End village,Daily noon–late,,,,,,,16.3045,-86.59405,4.0,70,"DJ, Dance Floor, Late Night",,business_placeholder,nightlife:Night Club,,
b044,Tequila Jacks,tequila-jacks,active,Drink,Cocktail Bar,West End,$$,no,no,no,yes,"Craft cocktails, tequila flights, and handmade mojitos at the Brisas del Mar hotel pool bar. Friday night bingo, live bands, and their famous Monkey La La keep the crowd coming back. West End's hottest new gathering spot.",The tequila flight is the best way to start your evening.,"Brisas del Mar Hotel, West End","Daily; Happy Hour, Fri bingo, live bands",,,,,,@tequilajacksroatan,16.299194,-86.594722,,,"Pool, Cocktails, Happy Hour",,business_placeholder,,,
b045,Bariloche,bariloche-wine-bar,active,Drink,Wine Bar,West End,$$,no,no,no,yes,"New wine bar and steakhouse with generous grilled meat platters perfect for sharing. Live music Wednesday and Friday nights, plus a beach bar out front for sunset cocktails. West End's newest chill-and-grill spot.",Wednesday and Friday are live music nights - arrive early for a good seat.,West End village,Daily; live music Wed & Fri,,,,,,,16.304627,-86.5942,,,"Wine Selection, Live Music, Romantic",,business_placeholder,,,
b046,Blue Marlin,blue-marlin-bar,active,Drink,Party Bar,West End,$,yes,no,no,yes,"Roatan's most popular dance club, completely refurbished in 2022. Legendary Thursday karaoke, Saturday trivia nights, and a pumping dance floor with generous rum punches. Breakfast by day, mayhem by night — a true West End tradition.",This is THE party spot past 10pm - the dance floor gets packed.,West End village,"Daily 8am–late; Thu karaoke, Sat trivia",,,,,,,16.3042,-86.5941,4.5,275,"Dance Floor, DJ, Late Night, Dancing",,business_placeholder,nightlife:Night Club,,
b047,Eagle Ray's Bar,eagle-rays-bar,active,Drink,Dive Bar,West End,$,no,no,no,yes,"Laid-back waterfront dive bar built out over the Caribbean, popular with expats and the diver crowd. Cold beers, excellent fish tacos, and a fish soup loaded with crab and lobster. No frills, just good vibes and ocean breezes.",The cheapest cold beers in West End - perfect after a dive.,West End village,Daily; hours vary,,,,,,,16.306198,-86.5927,3.5,100,"Budget Friendly, Social, Waterfront",,business_placeholder,,,
b048,Happy Harry's,happy-harrys,active,Drink,Karaoke,West End,$,no,no,no,no,Popular seafood restaurant and bar with karaoke nights that draw a fun crowd. Gr...,,,,,,,,,,16.3,-86.5,,,,,business_placeholder,nightlife:Karaoke | nightlife:Live Music,,
b049,Beachers Bar & Grill,beachers-bar-grill,active,Drink,Beach Bar,West Bay,$$,yes,no,yes,yes,"Family-run for 15+ years, directly on the white sand of West Bay Beach. The island's longest happy hour (10am–6pm, 2-for-1 cocktails), famous coconut shrimp, and Monday lobster specials — 3 tails for ~$20. Chairs, sun, cold drinks, paradise.",Sunday Fun-Day is the best day party on the island.,"On the sand, West Bay Beach",Mon–Fri 9am–10pm; Sat–Sun 10am–10pm; Happy Hour 10am–6pm,,,,https://beachersroatan.com,,@beachersroatan,16.277956,-86.59925,4.3,350,"Beachfront, Live Music, Family Friendly, Beach, Fun, Dancing",,business_placeholder,nightlife:Beach Party,,
b053,San Simon Beach Club,san-simon-beach-club-bar,active,Drink,Beach Bar,West Bay,$$$,no,no,no,yes,"West Bay's most exclusive beach club with beachside bars, fusion cuisine, lounging beds, and Roatan's premier wedding venue. Barefoot luxury on white sand with genius cocktails and the Caribbean at your feet. Day passes available.",Get a day pass and enjoy the lounge chairs with bottle service.,West Bay Beach,Daily; day passes available,,,,,,,16.272309,-86.6005,4.2,84,"Beachfront, Cocktails, Upscale",,business_placeholder,,,
b054,Coconut Bar,coconut-bar-coxen-hole,active,Drink,Local Bar,Coxen Hole,$,no,yes,no,yes,"Where Coxen Hole locals actually drink. Cold beer, local rum, no tourists, no pretense. If you want to experience real island life beyond the resorts, pull up a stool at this no-frills neighborhood bar.",This is where the locals go - great for an authentic experience.,Coxen Hole town,Daily,,,,,,,16.31612,-86.53834,,,"Local Vibe, Budget Friendly, Social",,business_placeholder,,,
b058,Roatan Island Brewing Co.,island-brewing-roatan,active,Drink,Brewery,Palmetto Bay,$$,no,yes,no,yes,"Roatan's only craft brewery, tucked in lush Palmetto Bay valley. Tropical ales, lagers, apple cider, kombucha, and gluten-free options. Nature trails, foosball, ping pong, fire pit, and cold pints — worth the drive off the beaten path.",Try the West End IPA - brewed with local ingredients.,West End,Wed–Sun 11am–5pm; Closed Mon–Tue,,,,,,@roatanbrewing,16.359755,-86.484682,4.5,50,"Craft Beer, WiFi, Social",,business_placeholder,,,
b065,Paya Bay Beach Bar,paya-bay-beach-bar,active,Drink,Beach Bar,Camp Bay,$$,no,no,no,yes,"Secluded bohemian beach bar at the island's quiet east end, perched on a bluff above Bliss Beach. 24-hour bar, pristine sand, zero crowds, and a clothing-optional vibe that's not for everyone — but unforgettable if it's your scene.",It's worth the drive east for a completely different Roatan experience.,"Paya Bay Resort, east end",24-hour bar,,,,,,,16.428513,-86.313192,4.6,100,"Beachfront, Quiet, Remote",,business_placeholder,,,
b066,Coconut Tree Divers,coconut-tree-divers,active,Dive,Dive Shop,West End,$$,yes,no,yes,yes,"PADI 5-Star Instructor Development Center and Roatan's only TEC Diving Center. IDC, rebreather, sidemount, and divemaster internship programs with 40+ years combined experience. Half Moon Bay's premier dive operation.",Book the early morning dive for the calmest water and best visibility.,"Half Moon Bay, West End","Daily 8am–8pm; Morning boat 9am, Afternoon 1pm & 2:30pm",+504-2445-4231,+50424454231,info@coconuttreedivers.com,https://coconuttreedivers.com,,@coconuttreedivers,16.30571,-86.592872,4.8,1320,"PADI Certified, Courses, Equipment Rental, Night Dives",,business_placeholder,,,
b067,Roatan Divers,roatan-divers,active,Dive,Dive Shop,West End,$$,yes,no,no,yes,"Multi-award-winning PADI 5-Star IDC Eco Center with a fleet of 4 fast custom boats and private docks. Boutique diving focused on small groups, personalized service, and environmental responsibility. The gold standard for Roatan diving.",Their eco-friendly approach means healthier reefs and better dives.,"Main street, West End",Daily,+504-2445-4113,+50424454113,,https://roatandivers.com,,@roatandivers,16.30571,-86.5929,5.0,500,"PADI Certified, Eco Friendly, Small Groups, Courses",,business_placeholder,,,
b068,Sun Divers Roatan,sun-divers-roatan,active,Dive,Dive Shop,West End,$$,no,no,no,yes,"Roatan's first-ever PADI Eco Center, run by husband-wife team Shannon and Natalie. Concierge-style service, active coral restoration programs, and a deep commitment to reef conservation. Diving with a purpose on the Mesoamerican Barrier Reef.",The small group size means more personal attention and better dives.,West End village,Daily,+504-9954-5432,+50499545432,,https://sundiversroatan.com,,@sundiversroatan,16.3055,-86.5928,5.0,300,"PADI Certified, Small Groups, Eco Friendly, Beginner Friendly",,business_placeholder,,,
b069,West End Divers,west-end-divers,active,Dive,Dive Shop,West End,$$,no,no,no,yes,"The longest continuously operating dive shop in West End — a PADI 5-Star Dive Center since 1991. The only shop offering blackwater dive service on Roatan. Spacious boats, well-maintained gear, and decades of reef knowledge.",Their experience shows - the dive masters know every reef like the back of their hand.,West End waterfront,Daily,+504-2445-4289,+50424454289,,https://www.westenddivers.com,,@westenddivers,16.3055,-86.5927,4.8,400,"PADI Certified, Full Service, Wall Dives, Wreck Dives",,business_placeholder,,,
b072,Native Sons Diving,native-sons-diving,active,Dive,Dive Shop,West End,$$,no,yes,no,yes,"Founded in 1993 by local dive legend Alvin Jackson — the longest same-owner dive shop on Roatan. Boutique groups on his custom-built 48ft Uba Isti boat, valet diving, and 60+ years of intimate reef knowledge. A spotless safety record and a true island original.",Ask Alvin for stories - he's been diving these reefs for 60 years.,West End,Daily 8am–5pm,,,,https://www.roatandivingnativesons.com,,@nativesonsdiving,16.306548,-86.59236,5.0,1200,"PADI Certified, Local Guide, Conservation, Professional",,business_placeholder,,,
b074,West Bay Divers,west-bay-divers,active,Dive,Dive Shop,West Bay,$$,no,no,no,yes,"PADI 5-Star Dive Center with two locations right on West Bay Beach. 100+ years combined staff experience, 15 PADI specialty courses, and direct access to the world's second-largest barrier reef. Perfect for beginners and pros alike.",Shore diving right off West Bay Beach is incredible for beginners.,West Bay Beach,"Daily; 2-tank trip 9am, 1-tank trip 2pm",,,,,,@westbaydivers,16.275951,-86.5992,4.8,944,"PADI Certified, Beach Access, Beginner Friendly, Equipment Rental",,business_placeholder,,,
b079,Island Snorkel Tours,island-snorkel-tours,active,Dive,Snorkel Tour,West Bay,$,no,no,no,yes,"Guided snorkel tours exploring the reef right off West Bay Beach — no diving experience needed. Tropical fish, sea turtles, eagle rays, and vibrant coral just 30 feet from shore. The easiest way to see Roatan's underwater world.",Great for kids who want to see the reef without scuba gear.,West Bay Beach,Daily,,,,,,,16.277,-86.5995,4.5,100,"Beginner Friendly, Family Friendly, Equipment Included, Beach Access",,business_placeholder,,,
b081,Deep Blue Freediving,deep-blue-freediving,active,Dive,Freediving,West End,$$,no,no,no,yes,"Explore Roatan's reef on a single breath. Professional PADI and Apnea Total freediving instruction from beginner to master level. Warm crystal-clear water, great depths close to shore, and zero currents — ideal conditions for the ultimate underwater experience.",Even the beginner course is a life-changing experience.,West End,Daily by appointment,,,,,,@deepblueroatan,16.30571,-86.592872,5.0,50,"Freediving, Courses, Professional, Small Groups",,business_placeholder,,,
b083,Paradise Beach Dive Center,paradise-beach-dive-center,active,Dive,Dive Shop,West Bay,$$,no,no,no,yes,PADI 5-Star Instructor Development Center at Paradise Beach Hotel on West Bay Beach. Full range of courses and daily dives.,Their Discover Scuba program is one of the best intro experiences.,"Paradise Beach Hotel, West Bay",,,,,,,,16.274093,-86.598769,,,"PADI Certified, Courses, Beginner Friendly, Full Service",,business_placeholder,,,
b085,Mayan Divers at Mayan Princess,mayan-divers,active,Dive,Dive Shop,West Bay,$$,no,no,no,yes,Dive shop at the Mayan Princess Resort offering convenient reef access and PADI courses for resort guests and walk-ins.,"If you're staying at Mayan Princess, the dive shop is right downstairs.","Mayan Princess Resort, West Bay",,,,,,,,16.275951,-86.599149,,,"PADI Certified, Beach Access, Courses, Equipment Rental",,business_placeholder,,,
b089,Oak Ridge Snorkel Adventure,oak-ridge-snorkel-adventure,active,Dive,Snorkel Tour,Oak Ridge,$,no,yes,no,yes,"Guided snorkel tours through the magical mangrove tunnels and reefs around Oak Ridge — Roatan's 'Venice.' See incredible birdlife, stilt houses, and untouched reef systems. Nothing else like it on the island. A true hidden gem.",The mangrove snorkel is a completely different world from the reef.,Oak Ridge dock,Daily by arrangement,,,,,,,16.389587,-86.356025,4.5,50,"Beginner Friendly, Mangroves, Boat Tour, Equipment Included",,business_placeholder,,,
b097,West Bay Beach Bonfire,west-bay-beach-bonfire,active,Nightlife,Beach Party,West Bay,$,no,no,no,yes,"Beach bonfire nights on West Bay Beach with fire dancers, acoustic music, and dancing under the stars. Lobster bakes and BBQ beside crackling flames on white sand. The kind of night you came to the Caribbean for.",The fire dancers are mesmerizing - find a spot in the sand early.,West Bay Beach,Regular evenings; check locally,,,,,,,16.27459,-86.599,,,"Beach, Fire Dancers, Stars, Music",,business_placeholder,,,
b098,RoaCrawl Bar Crawl,roacrawl,active,Nightlife,Night Club,West End,$,no,yes,no,yes,"Organized bar crawl through West End's best nightlife spots with guides, drink specials at each stop, and round-trip transport. Hits Frank's, Booty Bar, and more. $169/person for the ultimate insider's night out — the fastest way to experience it all.",Book in advance - it's the best way to experience West End nightlife in one night.,Starts at West End village,6-hour guided crawl; evenings,,,,,,@roacrawl,16.306548,-86.59236,4.5,50,"Dancing, Social, Late Night, Fun",,business_placeholder,,,
b099,Roots Reggae Bar,roots-reggae-bar,active,Nightlife,Reggae Bar,West End,$,no,no,no,yes,"Authentic reggae bar in West End with Garifuna music, local DJs, and a true Caribbean groove. No cover, cold beers, and a dance floor that feels like the real island. Come for the music, stay for the vibe.",This is where you'll find the most authentic island music.,West End village,Nightly,,,,,,,16.3044,-86.594,,,"Reggae, Local Vibe, Garifuna Music, Dancing",,business_placeholder,,,
b108,Punta Gorda Garifuna Nights,punta-gorda-garifuna-nights,active,Nightlife,Live Music,Punta Gorda,$,no,yes,no,yes,Authentic Garifuna drumming and cultural performances in the traditional village of Punta Gorda. Two-hour shows with traditional dinner under thatch palapas. UNESCO-recognized intangible heritage — a soul-stirring experience you won't find in any resort.,This is the real deal - authentic Garifuna culture you won't find anywhere else.,Punta Gorda village,2-hour performances; check schedule,,,,,,,16.41369,-86.364287,4.5,50,"Garifuna Music, Cultural, Local Vibe, Dancing",,business_placeholder,,,
b111,Bodden Tours,bodden-tours,active,Tours,Island Tour,Coxen Hole,$$,yes,no,yes,yes,"The original Best of Roatan tour operator since 2003. Native guide Victor Bodden offers private island tours, Zip-n-Dip excursions, snorkel trips, ATV adventures, and wheelchair-accessible tours. From $30/person — nobody knows this island better.",The Best of Roatan combo tour is the most popular for a reason.,"Meeting point at cruise port, Coxen Hole",Daily; flexible scheduling,,,,https://www.boddentours.com,,@boddentours,16.313628,-86.544489,4.8,500,"Family Friendly, Local Guide, Shuttle Included, Full Day",,business_placeholder,,,
b112,Gumbalimba Park,gumbalimba-park,active,Tours,Nature Park,West Bay,$$,yes,no,no,yes,"20-acre beachfront nature park in West Bay with Capuchin monkeys, macaws, exotic birds, a cave tour, and a 12-cable zipline course with suspension bridges. Immaculate grounds and experienced guides make this Roatan's must-visit family attraction.",Feed the monkeys and parrots - they're incredibly friendly.,West Bay,Daily 8am–4pm,,,,,,@gumbalimbapark,16.282575,-86.595909,4.5,1525,"Family Friendly, Wildlife, Nature, Beach Access",,business_placeholder,,,
b113,Daniel Johnson's Monkey & Sloth Hangout,daniel-johnsons-monkey-sloth,active,Tours,Nature Park,French Harbour,$$,yes,no,no,yes,"Beloved animal sanctuary in French Cay where you can hold sloths, play with capuchin monkeys, and meet scarlet macaws up close. A rescue and rehabilitation center with respectful, personal animal encounters — the island's most heartwarming experience.","Note: since 2025 guests can no longer hold sloths, but you can still get close.","French Cay, 25 min from cruise port",Mon–Fri 9am–3pm; Sat 9am–1pm; Closed Sun,,,,https://monkeyandslothhangout.com,,@monkeyslothhangout,16.364152,-86.439274,4.8,1000,"Family Friendly, Wildlife, Nature, Eco Friendly",,business_placeholder,,,
b114,South Shore Canopy Zipline,south-shore-zipline,active,Tours,Zipline,West Bay,$$,no,no,no,yes,"Adrenaline-pumping zipline park with 11 cables, 12 platforms, and a 1,300-foot longest line across 28 acres of eco-park. Speeds up to 40 mph, 100 feet above the canopy. 45-minute guided tours with cultural narration. $65–$115.","The Superman line is the longest at 1,300 feet - pure adrenaline.","South Shore, near French Harbour",Daily 8am–3:30pm,,,,,,,16.286686,-86.590769,4.5,1023,"Adventure, Family Friendly, Nature, Ocean View",,business_placeholder,,,
b116,Ruthless Roatan Charters,ruthless-roatan-charters,active,Tours,Fishing,West End,$$,no,no,no,yes,"Deep sea and reef fishing charters from Half Moon Bay — blue marlin, sailfish, mahi-mahi, and wahoo. All trips include catered appetizers, cold beverages, and fresh tuna sashimi if caught. Vintage luxury boats with shade and indoor seating.",The half-day reef fishing trip is great for beginners.,West End dock,"Sunrise, sunset, and full-day trips",,,,,,@ruthlessroatan,16.30571,-86.593,4.8,379,"Deep Sea, Equipment Included, Reef Fishing, Beginner Friendly",,business_placeholder,,,
b118,Roatan Chocolate Factory,roatan-chocolate-factory,active,Tours,Food Tour,West End,$,no,yes,no,yes,"Bean-to-bar chocolate tour using 100% organic Honduran cacao. Watch the full process, sample 12 varieties, or take a hands-on chocolate-making class. Founded 2010 on West End's main street — sweet, educational, and uniquely Roatan.",The tasting at the end is generous - save room.,West End,Daily 8am–5pm; Classes start 2pm,,,,,,@roatanchocolate,16.302202,-86.593814,4.8,300,"Tasting, Family Friendly, Souvenirs, Eco Friendly",,business_placeholder,,,
b119,Roatan Rum Company,roatan-rum-company,active,Tours,Food Tour,West Bay,$,no,no,no,yes,Craft rum distillery between West End and West Bay with free tastings and rum cake samples. The 'Blendatorium' lets you create your own custom rum from 50+ natural extracts ($29–$39). Caribbean Sea views and a fusion bar. A must-stop.,The aged rum tasting flight is worth every penny.,French Harbour area,Mon–Fri 9am–5pm,,,,,,@roatanrum,16.288222,-86.589598,4.5,300,"Tasting, Souvenirs, Local Guide",,business_placeholder,,,
b120,Mangrove Kayak Tours,mangrove-kayak-tours,active,Tours,Kayak Tour,Oak Ridge,$,no,no,no,yes,"Guided kayak tours through the magical mangrove tunnels of Oak Ridge, Roatan's 'Venice.' Paddle past stilt houses, spot incredible birdlife, and explore untouched waterways. Life jackets and snorkel gear included. A peaceful adventure off the tourist trail.",The morning tour has the best light and wildlife activity.,Oak Ridge waterfront,Daily by arrangement; 3–5 hour tours,,,,,,,16.389587,-86.3562,4.5,100,"Nature, Eco Friendly, Equipment Included, Wildlife",,business_placeholder,,,
b122,Horseback Riding Roatan,horseback-riding-roatan,active,Tours,Horseback Riding,Sandy Bay,$$,no,no,no,yes,"Beach horseback riding along Sandy Bay's scenic shores with mangrove and ironshore views. Walk, trot, or gallop over secluded sand with the Caribbean on one side and palms on the other. From $55/person — perfect for first-timers and experienced riders.",The sunset beach ride is the most romantic option.,Sandy Bay area,Daily 1-hour rides; book ahead,,,,,,,16.322067,-86.5785,4.5,100,"Beach Ride, Beginner Friendly, Family Friendly, Ocean View",,business_placeholder,,,
b123,Punta Gorda Cultural Tour,punta-gorda-cultural-tour,active,Tours,Cultural Tour,Punta Gorda,$,no,no,no,yes,"Authentic Garifuna cultural experience in Honduras' oldest village, founded 1797. Traditional punta drumming, local cuisine (Machuca, yucca bread), and Guifity herbal beverages. UNESCO-recognized heritage brought to life by the community that keeps it alive.",The cassava bread making demonstration is fascinating.,"Punta Gorda village, east end",Daily; book ahead,,,,,,,16.41369,-86.364287,4.5,50,"Cultural, Traditional Food, Local Guide, Nature",,business_placeholder,,,
b127,Little French Key,little-french-key,active,Tours,Boat Tour,French Harbour,$$$,yes,no,no,yes,"TripAdvisor's #1-ranked attraction in Roatan. Private island paradise with white sand, in-water palapa tables, a mini zoo, snorkeling, and the underwater Mayatlantis museum. Zero carbon footprint — wind power, rainwater collection. From $118 including lunch, drinks, and transport.",Book the VIP cabana for the ultimate private island experience.,Boat from French Harbour,Daily; 3–5 min boat ride from French Harbour,,,,,,@littlefrenchkey,16.351971,-86.44285,4.8,2000,"Beach Access, Nature, Lunch Included, Adventure",,business_placeholder,,,
b131,Macaw Container Market,macaw-container-market,active,Shop,Market,French Harbour,$,yes,no,yes,yes,"Vibrant shopping village built from recycled shipping containers, 200m east of the airport. Locally made crafts, a brewery, chocolate factory, coffee shop, restaurants, and a liquor store — all supporting Honduran artisans. Free admission, unique vibe.",Browse the handmade jewelry stalls - great prices for unique pieces.,French Harbour,Daily 9am–10pm,,,,,,@macawmarket,16.320278,-86.523541,4.0,7,"Handmade, Local Art, Souvenirs, Budget Friendly",,business_placeholder,,,
b132,Town Center at Port of Roatan,town-center-port-of-roatan,active,Shop,Shopping Center,Coxen Hole,$$,no,no,no,yes,"Duty-free shopping mall at the Port of Roatan cruise terminal. Jewelry, cigars, chocolate, souvenirs, and local artisan gifts spread across 6.5 acres. Serves 580,000+ cruise passengers annually — your first taste of the island.",Duty-free prices on jewelry are actually decent deals.,Port of Roatan cruise terminal,Open with cruise ship schedules,,,,https://www.portofroatan.com,,,16.313628,-86.544489,,,"Duty Free, Souvenirs, Cruise Port, Jewelry",,business_placeholder,,,
b133,Coxen Hole Municipal Market,coxen-hole-municipal-market,active,Shop,Market,Coxen Hole,$,no,yes,no,yes,"The real local market in Coxen Hole — fresh produce, Garifuna crafts, Lenca pottery, and street food. Recently upgraded with modern facilities and organized stalls. Skip the cruise port shops and come here for authentic Honduran goods at local prices.",This is where locals shop - great for authentic souvenirs at local prices.,"Main street, Coxen Hole",Daily; morning hours best,,,,,,,16.31612,-86.53834,,,"Local Market, Produce, Handmade, Budget Friendly",,business_placeholder,,,
b134,Waves of Art,waves-of-art,active,Shop,Art Gallery,West End,$,no,no,no,yes,"Eye-catching folk art gallery in West End supporting fair trade organizations and local artisan co-ops. Custom framing, watercolors, fine art, and unique handmade gifts. Colorful, curated, and deeply connected to Roatan's creative community.",The recycled art pieces made from ocean debris are incredible.,West End village,Mon–Sat,,,,,,@wavesofartroatan,16.3045,-86.594,4.5,50,"Local Art, Handmade, Unique, Eco Friendly",,business_placeholder,,,
b135,Rusty Fish Recycled Island Art,rusty-fish-recycled-art,active,Shop,Art Gallery,West End,$$,no,yes,no,yes,"Beautiful art made from ocean debris and recycled materials collected around Roatan. Founded by Adam Hunt, benefiting 60 local families. Metal pieces, mosaics, and windchimes — each one unique, meaningful, and impossible to find anywhere else.",Every piece has a story - ask the artists about their process.,West End village,Daily,,,,,,@rustyfish,16.304809,-86.593802,4.5,300,"Local Art, Eco Friendly, Unique, Handmade",,business_placeholder,,,
b136,Wild Roatan,wild-roatan,active,Shop,Gift Shop,West End,$$,no,no,no,yes,"Conservation-focused West End shop selling eco-friendly clothing, reef-safe sunscreen, batana oil, natural soaps, and island-branded gear. Proceeds fund wildlife conservation and beach cleanup projects. Shop with purpose.",Every purchase supports reef conservation efforts.,West End village,Daily,,,,,,@wildroatan,16.3044,-86.594,,,"Eco Friendly, Reef Safe, Local Materials, Unique",,business_placeholder,,,
b139,Driftwood Designs,driftwood-designs,active,Shop,Home Decor,West End,$$,no,no,no,yes,"Handcrafted home decor and gifts made from local driftwood, shells, and natural materials. A West End treasure trove of island-made items you won't find at the cruise port. Perfect for a meaningful souvenir.",The driftwood lamps are stunning conversation pieces.,West End village,Daily,,,,,,,16.3047,-86.59385,,,"Handmade, Local Materials, Unique, Eco Friendly",,business_placeholder,,,
b141,Caribbean Cigar Co.,caribbean-cigar-co,active,Shop,Cigar Shop,West Bay,$$,no,no,no,yes,"Hand-rolled Honduran cigars in a relaxed West Bay lounge. Premium Cuban and Honduran selections, comfortable seating, and ocean breezes. The perfect post-dinner ritual for cigar lovers on vacation.",Watch them roll cigars by hand - then smoke one on the deck.,West Bay,Daily,,,,,,,16.282575,-86.5962,,,"Hand Rolled, Honduran Cigars, Lounge, Unique",,business_placeholder,,,
b146,West Bay Beach Gift Shop,west-bay-gift-shop,active,Shop,Gift Shop,West Bay,$,no,no,no,yes,"Beachside souvenir shop with t-shirts, magnets, postcards, and beach accessories right on West Bay.",Grab a Roatan t-shirt and reef-safe sunscreen before hitting the beach.,West Bay Beach entrance,,,,,,,,16.277956,-86.59925,,,"Souvenirs, Budget Friendly, Reef Safe",,business_placeholder,,,
b148,Honduras Coffee Co.,honduras-coffee-shop,active,Shop,Gift Shop,West End,$,no,no,no,yes,"Premium Honduran single-origin coffee beans, gift sets, and brewing gear. Tours on coffee growing, harvesting, and roasting. Take home the taste of Honduras — some of the best specialty coffee in Central America, direct from the source.",Buy a bag of beans to take home - Honduran coffee is world-class.,West End village,Daily,,,,,,,16.3046,-86.5939,,,"Local Market, Souvenirs, Unique, Coffee",,business_placeholder,,,
b151,Infinity Bay Resort,infinity-bay-resort,active,Stay,Resort,West Bay,$$$,yes,no,yes,yes,"Premier West Bay resort with beachfront condos, multiple pools, a full dive center, and direct snorkeling from shore — swim with sea turtles steps from your room. Free breakfast, complimentary kayaks, and the island's most famous beach at your doorstep.",Book an oceanfront room for direct beach access and reef snorkeling.,West Bay Beach,24/7; Check-in 3pm,,,,,,@infinitybayroatan,16.272548,-86.598468,4.0,1013,"Beach Access, Pool, Dive Resort, Restaurant, PADI Certified, Courses, Equipment Rental, Beach, DJ, Dancing, Cocktails",,business_placeholder,drink:Beach Bar | dive:Dive Shop | nightlife:Beach Party,,
b153,Kimpton Grand Roatan,kimpton-grand-roatan,active,Stay,Hotel,West Bay,$$$,yes,no,no,yes,"West Bay's most upscale hotel — 122 rooms, four world-class restaurants, a tranquil spa, and a beachside infinity pool on the world's second-largest barrier reef. Couples rate it 9.4/10. Modern luxury meets Caribbean soul. From $181/night.",The rooftop bar has the best panoramic views of any hotel on the island.,West Bay,"24/7; Check-in 3pm, Check-out 11am",,,,,,@kimptonroatan,16.270654,-86.600593,4.0,1507,"Beachfront, Pool, Spa, Ocean View",,business_placeholder,,,
b154,Arca Roatan,arca-roatan,active,Stay,Resort,West Bay,$$$,no,no,no,yes,"Intimate luxury boutique with only 16 oceanfront rooms — each with king bed, indoor/outdoor showers, and private terrace. Saltwater pool, beachfront restaurant Ahari, and full concierge. Ranked #4 hotel in Bay Islands on TripAdvisor.",With only 16 rooms it feels like your own private resort.,West Bay Beach,24/7; Restaurant 7am–9pm,,,,,,@arcaroatan,16.275083,-86.599202,4.0,111,"Beachfront, Pool, Spa, Quiet",,business_placeholder,,,
b155,Bananarama Dive Resort,bananarama-dive-resort,active,Stay,Dive Resort,West Bay,$,no,no,no,yes,"Budget-friendly beachfront dive resort on West Bay Beach with hammocks on every porch, free breakfast, and a PADI dive center. Day passes just $30. The social hub where divers, backpackers, and sun-seekers converge. From $99/night.",Best budget option directly on West Bay Beach.,West Bay Beach,24/7,,,,,,@bananaramadive,16.27459,-86.598781,4.0,500,"Beach Access, Dive Resort, Budget Friendly, Restaurant, PADI Certified, Shore Diving, Beginner Friendly",,business_placeholder,dive:Dive Shop,,
b156,The Beach House,the-beach-house,active,Stay,Hotel,West End,$$,no,no,no,yes,"Intimate 14-room beachfront boutique hotel considered the best place to stay in West End. Overlooking Half Moon Bay with AC suites, daily made-to-order breakfast, and the acclaimed Mila del Mar restaurant downstairs. From $237/night.",Spring for the oceanview room - Half Moon Bay is your front yard.,"Half Moon Bay, West End",24/7,,,,,,@beachhouseroatan,16.306198,-86.5927,4.0,577,"Beachfront, Restaurant, WiFi, Ocean View",,business_placeholder,,,
b158,Tranquilseas Eco Lodge & Dive Center,tranquilseas-eco-lodge,active,Stay,Eco Lodge,Sandy Bay,$$,no,no,no,yes,"Ranked #1 eco lodge on Roatan with a 9.3/10 on Booking.com. PADI dive resort in Sandy Bay with The Sunken Fish restaurant, outdoor pool, and the friendliest staff on the island. Peaceful, personal, sustainable. From $170/night.",The rooftop sunset terrace is the best spot in Sandy Bay.,Sandy Bay,Front desk 8:30am–6:30pm,,,,,,@tranquilseas,16.322067,-86.578117,4.8,500,"Eco Friendly, Dive Resort, Restaurant, Ocean View, Romantic, Farm to Table",,business_placeholder,eat:Seafood | drink:Rooftop Bar,,
b161,Anthony's Key Resort,anthonys-key-resort,active,Stay,Resort,Sandy Bay,$$,yes,no,no,yes,"Iconic Sandy Bay resort since 1968 — waterfront bungalows, PADI 5-Star dive center, and Atlantic bottlenose dolphin encounters in a natural lagoon. Kayaks, paddleboards, horseback riding, and three daily meals included. Staff remembers your name.",The dolphin dive is a once-in-a-lifetime experience.,Sandy Bay,24/7,,,,https://www.anthonyskey.com,,@anthonyskey,16.32641,-86.571847,4.5,1623,"Dive Resort, Beach Access, Family Friendly, Restaurant, PADI Certified, Full Service, Professional",,business_placeholder,eat:Seafood | dive:Dive Shop,,
b163,Roatan Backpackers' Hostel,roatan-backpackers-hostel,active,Stay,Hostel,Sandy Bay,$,no,no,no,yes,"Sandy Bay hostel with dorms from $18/night, private rooms, a pool with waterfall, and communal kitchen. Near Anthony's Key dolphins and botanical gardens. Owner Mel makes everyone feel at home. The social hub for budget travelers on Roatan.",The pool area is where you'll meet fellow travelers.,Sandy Bay,24/7,,,,,,@roatanbackpackers,16.32,-86.575,4.0,426,"Budget Friendly, Pool, Social, WiFi",,business_placeholder,,,
b165,CoCo View Resort,coco-view-resort,active,Stay,Dive Resort,French Harbour,$$,no,no,no,yes,"Legendary south shore dive resort — the most returned-to in the world. Shore diving 24/7, 150+ dive sites, Mary's Place (voted Best Dive Site 2018), and the Prince Albert wreck. Custom 50-foot boats and a PADI 5-Star dive shop.",The wall dive right off the resort is world-famous.,"South Shore, near French Harbour",24/7,,,,,,,16.359381,-86.432945,4.0,717,"Dive Resort, Beachfront, All Inclusive, Quiet, PADI Certified, Wall Dives, Full Service, Advanced",,business_placeholder,dive:Dive Shop,,
b168,Camp Bay Eco Lodge,camp-bay-eco-lodge,active,Stay,Eco Lodge,Camp Bay,$,no,no,no,yes,"Remote eco-lodge on Roatan's quiet east end — solar-powered, beachfront, and surrounded by wild horses, birds, and iguanas. The island's best kitesurfing, fly fishing for bonefish and tarpon, and pristine reef snorkeling. From $120/night. Truly off the grid.","If you want to truly disconnect, this is the place.","Camp Bay, east end",24/7; arrive before 3pm,,,,,,,16.429201,-86.293666,4.0,221,"Eco Friendly, Solar Powered, Nature, Remote",,business_placeholder,,,
b169,Captain Van's Rentals,captain-vans-rentals,active,Rentals,Scooter Rental,West Bay,$,no,no,yes,yes,"Roatan's most popular scooter and motorcycle rental since 1997. Yamaha 115cc scooters from $35/day, 155cc from $55/day, plus Honda motorcycles and bicycles. West Bay Mall location. Must be 18+ with valid license and riding experience.",The scooter is the best way to explore the island on your own.,Coxen Hole,Daily,,,,https://captainvans.com,,@captainvans,16.282575,-86.595909,4.5,200,"Easy to Drive, Helmets Included, Daily Rates, Free Delivery",,business_placeholder,,,
b173,Roatan PaddleSports Rentals,roatan-paddlesports-rental,active,Rentals,Kayak Rental,West End,$,no,no,no,yes,"Paddleboard and kayak rentals from the West End waterfront at Half Moon Bay. Hourly, daily, weekly, and monthly rates. Professional instruction available. Two locations — the easiest way to get on the water and explore the coastline.",Sunrise paddleboarding in Half Moon Bay is pure magic.,West End waterfront,Daily,,,,,,@roatanpaddlesports,16.30571,-86.593,4.5,100,"Hourly Rates, Paddleboards, Life Jackets, Beginner Friendly",,business_placeholder,,,
b176,Reef Rider Jet Ski Rentals,reef-rider-jet-ski,active,Rentals,Jet Ski,West Bay,$$,no,no,no,yes,"Jet ski rentals on West Bay Beach — $85 for 30 minutes, accommodates 2 riders. Guided tours and free-ride options with Yamaha jet skis. Fuel, insurance, and life jackets included. Minimum age 6 (passenger), 14 (driver with parent).",The guided jet ski tour to the shipwreck is a blast.,West Bay Beach,Daily daylight hours,,,,,,,16.275951,-86.5992,4.5,50,"Safety Briefing, Hourly Rates, Fun, Guided Tours",,business_placeholder,,,
b179,Roatan Ferry Terminal (Galaxy Wave),roatan-ferry-terminal,active,Transport,Ferry,Dixon Cove,$,no,no,yes,yes,"Ferry service connecting Roatan to La Ceiba on the mainland via the Galaxy Wave — a 152-foot catamaran carrying 460 passengers. 75-minute crossing, modern Easy Ticket kiosks, free parking, and cafeteria onboard. Your gateway to the mainland.",Book the early morning ferry for the calmest crossing.,Dixon Cove ferry terminal,La Ceiba→Roatan 9:30am & 4:30pm; Roatan→La Ceiba 7am & 2pm,,,,,,,16.328478,-86.499548,,,"Mainland Connection, La Ceiba, Daily Service, Fixed Schedule",,business_placeholder,,,
b180,West Bay Water Taxi,west-bay-water-taxi,active,Transport,Water Taxi,West End,$,no,no,no,yes,"Water taxi between West End and West Bay Beach — a scenic 10-minute ride through the lagoon for about $3. The fun, fast alternative to the road. Minimum 3 passengers per trip. Catch one at Infinity Bay or Foster's dock.",Only $3-5 per person and way more fun than driving.,West End dock to West Bay Beach,Daily ~7am–sunset; ~60 Lps ($3) daytime,,,,,,,16.30571,-86.593,,,"Scenic, Quick, Budget Friendly, Frequent",,business_placeholder,,,
b189,West Bay Beach,west-bay-beach,active,Beaches,Public Beach,West Bay,$,yes,no,yes,yes,"Roatan's most famous beach — #1 in Central America and ranked 9th globally. Powdery white sand, crystal-clear turquoise water, and the Mesoamerican Barrier Reef just offshore. Restaurants, bars, water sports, and loungers line the shore. The Caribbean dream, realized.",Walk to the far south end for a quieter experience away from the resorts.,West Bay,Open 24/7; dawn–dusk recommended,,,,,,,16.27277,-86.600389,4.8,5000,"White Sand, Snorkeling, Restaurants Nearby, Water Sports",,business_placeholder,,,
b190,Half Moon Bay Beach,half-moon-bay-beach,active,Beaches,Public Beach,West End,$,no,no,no,yes,"Beautiful crescent-shaped beach in the heart of West End with white sand, turquoise water, and reef snorkeling right from shore. Palm-fringed, calm, and walkable from every bar and dive shop in the village. The quintessential West End experience.",The crescent shape protects the bay - great for calm swimming.,"Half Moon Bay, West End",Open 24/7,,,,,,,16.305326,-86.5925,4.5,500,"Snorkeling, Calm Water, White Sand, Family Friendly",,business_placeholder,,,
b191,West End Beach,west-end-beach,active,Beaches,Public Beach,West End,$,no,no,no,yes,"Mile-long relaxed beach along the West End strip, popular with backpackers and divers. Budget accommodations, dive shops, and bars line the shore. Reef close enough to swim to. The laid-back, no-frills side of Roatan's main tourist village.",Rent a kayak and paddle along the coastline at sunset.,"Along the main road, West End",Open 24/7,,,,,,,16.306548,-86.59236,4.0,200,"Kayaking, Water Sports, Restaurants Nearby, Local Secret",,business_placeholder,,,
b192,Tabyana Beach,tabyana-beach,active,Beaches,Beach Club,West Bay,$$,no,no,no,yes,"Rated among the best beaches in the Caribbean with the reef just 70 feet from shore. White sand, crystal-clear water, excellent snorkeling, kayaking, and banana boats. Organized chairs, umbrellas, restrooms, and a restaurant. Popular cruise excursion destination.",The reef is so close you can snorkel to it in minutes.,"West Bay, near the south end",Daily; lounge chair rentals available,,,,,,,16.272309,-86.600281,4.5,1000,"Snorkeling, Chair Rental, Bar, Restaurant",,business_placeholder,,,
b193,Camp Bay Beach,camp-bay-beach,active,Beaches,Public Beach,Camp Bay,$,no,no,no,yes,"The longest completely natural beach on Roatan — 2.5 miles of pristine white sand on the quiet northeast coast. Gentle waves, zero crowds, and untouched beauty. Bring your own everything. The island's best-kept secret for tranquility seekers.",Worth the drive for a true deserted beach experience.,"Camp Bay, east end of island",Open 24/7; free admission,,,,,,,16.4295,-86.293,4.5,100,"Secluded, Long Beach, Natural, Uncrowded",,business_placeholder,,,
b195,Beach Club Roatan (Palm Beach),beach-club-roatan,active,Beaches,Beach Club,Johnson Bight,$$,no,no,no,yes,"Spacious 150,000 sq ft private beach club on the north shore at Johnson Bight. Horseback riding, snorkeling, jet skiing, kayaking, and Lionfish Louie's restaurant. Day passes include roundtrip transport from cruise ports. 1.5 miles from Mahogany Bay.",The horseback ride on the beach is unforgettable.,"Palm Beach, West Bay area",Daily; day passes available,,,,,,@beachclubroatan,16.365,-86.457,4.0,100,"Water Sports, Chair Rental, Bar, Restaurant",,business_placeholder,,,
b197,Punta Gorda Beach,punta-gorda-beach,active,Beaches,Public Beach,Punta Gorda,$,no,no,no,yes,"Beach at Honduras' oldest Garifuna settlement, founded ~1797. Cultural significance meets Caribbean sand. Traditional huts, drum ceremonies, and yucca bread alongside gentle waves. A living connection to Roatan's Afro-Caribbean heritage — not just a beach, a story.",Combine a beach day with a Garifuna cultural tour.,"Punta Gorda village, east end",Open 24/7,,,,,,,16.4152,-86.3635,4.0,50,"Cultural, Local Food, Quiet, Natural",,business_placeholder,,,
b199,Mahogany Bay Beach,mahogany-bay-beach,active,Beaches,Beach Club,Dixon Cove,$$,no,no,no,yes,"Manmade beach at the Carnival cruise port with 20 acres to explore, lounge chairs, food, and water activities.","If you're on a cruise, the beach pass is the easiest option.",Mahogany Bay cruise terminal,,,,,,,,16.327284,-86.497444,,,"Chair Rental, Water Sports, Restaurant, Family Friendly",,business_placeholder,,,
