ID,Name,Category,Subcategory,Area,Price Range,isFeatured,Status,Has Insider Tip,Description (first 80 chars),KEEP? (yes/no),FEATURED? (yes/no),INSIDER PICK? (yes/no),BEST OF? (yes/no),NEW NAME,NEEDS REVIEW?,VERIFIED DATE,NOTES,COLLECTION: Sunset Spots,COLLECTION: Families,COLLECTION: Cheap Eats,COLLECTION: Beach Bars,COLLECTION: Off Beaten Path,COLLECTION: Cruise Must-Dos,COLLECTION: Late Night,LATITUDE,LONGITUDE,LAT CORRECT?,LAT OVERRIDE,LON OVERRIDE,HOURS CORRECT?,HOURS NOTES,PHOTO COUNT,HAS MENU?,MENU PHOTO COUNT,MERGE INTO,CATEGORY 2,SUBCATEGORY 2,CATEGORY 3,SUBCATEGORY 3,LOCATION 2 AREA,LOCATION 2 LAT,LOCATION 2 LON,LOCATION 2 ADDRESS
b001,Sundowners Bar & Grill,eat,Seafood,West End,$$,YES,active,yes,Iconic West End waterfront restaurant serving fresh seafood and Caribbean favori...,yes,yes,no,no,,,,,,,,,,,,16.306575,-86.592659,,,,,,,,,,,,,,,,,
b002,Cannibal Cafe,eat,Mexican,West End,$,no,active,yes,"The best Mexican food on Roatan with huge burritos, tacos, quesadillas, and chim...",yes,no,no,no,,,,,,,,,,,,16.304557,-86.593733,,,,,,,,,,,,,,,,,
b003,Roatan Oasis,eat,Fine Dining,West End,$$$,YES,active,yes,Fine dining restaurant with an internationally inspired ever-changing menu featu...,yes,yes,no,no,,,,,,,,,,,,16.302561,-86.590573,,,,,,,,,,,,,,,,,
b004,Calelu's,eat,Street Food,West End,$,no,active,yes,The place to go for authentic Honduran baleadas in West End. Huge portions at in...,yes,no,yes,no,,,,,,,,,,,,16.304557,-86.5939,,,,,,,,,,,,,,,,,
b005,Anthony's Chicken,eat,Caribbean Fusion,West End,$,no,active,yes,Rosie cooks up some of the best jerk chicken on the island along with fresh seaf...,yes,no,yes,no,,,,,,,,,,,,16.302525,-86.593941,,,,,,,,,,,,,,,,,
b006,Creole's Rotisserie Chicken,eat,Caribbean Fusion,West End,$,no,active,yes,"Famous for lightly spiced, juicy rotisserie chicken and one of the best breakfas...",,,,,,,,,,,,,,,,,,,,,,,,,,,,,,,,,,
b007,Pazzo Italian Restaurant,eat,Italian,West End,$$,no,active,yes,Charming Italian spot serving the best handmade pasta on the island. BYOB and in...,yes,no,no,no,,,,,,,,,,,,16.305326,-86.592251,,,,,,,,,,,,,,,,,
b008,The Stowaway Gastrobar,eat,Caribbean Fusion,West End,$$,no,active,yes,Family-run gastropub with a rotating menu catering to meat lovers and vegans ali...,,,,,,,,,,,,,,,,,,,,,,,,,,,,,,,,,,
b009,Mila del Mar,eat,Fine Dining,West End,$$$,YES,active,yes,"Upscale dining at The Beach House with gorgeous Half Moon Bay views, amazing sta...",yes,no,no,no,,,,,,,,,,,,16.306198,-86.59264,,,,,,,,,,,,,,,,,
b010,Blue Elephant Thai,eat,Asian,West End,$$,no,active,yes,Popular Thai restaurant with lovely water views and authentic dishes that keep l...,yes,no,no,no,,,,,,,,,,,,16.304627,-86.594075,,,,,,,,,,,,,,,,,
b011,Crisp Roatan,eat,Cafe,West End,$,no,active,yes,"Go-to spot for tasty salads and affordable poke bowls in a colorful, Instagram-w...",yes,no,no,no,,,,,,,,,,,,16.3043,-86.594,,,,,,,,,,,,,,,,,
b012,Sandy Buns Bakery,eat,Cafe,West End,$,YES,active,yes,Voted the #1 best restaurant in West End by locals. Famous bakery and breakfast ...,yes,yes,no,no,,,,,,,,,,,,16.304951,-86.593557,,,,,,,,,,,,,,,,,
b013,Cafe de Palo,eat,Cafe,West End,$,no,active,yes,Gorgeous coffee shop in the Mangrove Bight section of West End with immaculate v...,yes,no,no,no,,,,,,,,,,,,16.3075,-86.5902,,,,,,,,,,,,,,,,,
b014,Bean Crazy,eat,Cafe,West End,$,no,active,yes,"Popular coffee shop right across from Half Moon Bay serving sandwiches, smoothie...",,,,,,,,,,,,,,,,,,,,,,,,,,,,,,,,,,
b015,Argentinian Grill,eat,Steakhouse,West End,$$,no,active,yes,Steakhouse specializing in wood-fired grilled steaks and seafood. A carnivore's ...,,,,,,,,,,,,,,,,,,,,,,,,,,,,,,,,,,
b016,Silversides,eat,Caribbean Fusion,West End,$$,no,active,yes,Gastropub run by a professional chef with rotating specials from lamb curries to...,,,,,,,,,,,,,,,,,,,,,,,,,,,,,,,,,,
b017,Ipanema Beach Bar & Grill,eat,Mexican,West End,$$,no,active,yes,Waterfront restaurant serving fresh Mexican food and strong margaritas with stun...,,,,,,,,,,,,,,,,,,,,,,,,,,,,,,,,,,
b018,Tong's Thai Kitchen,eat,Asian,West End,$$,no,active,yes,Beachfront Thai restaurant with spicy noodle dishes and creative Honduran twists...,,,,,,,,,,,,,,,,,,,,,,,,,,,,,,,,,,
b019,Thirsty Turtle,eat,Pizza,West Bay,$$,YES,active,yes,"Lively beachfront bar and restaurant great for casual meals, sunset drinks, and ...",yes,no,no,no,,,,,,,,,,,,16.2775,-86.5994,,,,,,,,,,,,,,,,,
b020,Naboo Restaurant,eat,Caribbean Fusion,West Bay,$$,no,active,yes,Exquisite local cuisine with stunning ocean views in West Bay. A refined Caribbe...,yes,no,no,no,,,,,,,,,,,,16.28,-86.597,,,,,,,,,,,,,,,,,
b021,La Palapa Beach Bar & Grill,eat,Caribbean Fusion,West Bay,$$,no,active,yes,Beachfront restaurant at Infinity Bay offering a diverse menu with sushi nights ...,,,,,,,,,,,,,,,,,,,,,,,,,,,,,,,,,,
b022,Ibagari Sea Salt Restaurant,eat,Fine Dining,West Bay,$$$,no,active,yes,Fine dining bistro known for its fresh fish and USDA Prime American Beef. The mo...,yes,no,no,no,,,,,,,,,,,,16.287586,-86.59598,,,,,,,,,,,,,,,,,
b023,Hangover Hut,eat,Cafe,West Bay,$,no,active,yes,Canadian-run beachfront spot in West Bay serving surprisingly good poutine and c...,yes,no,no,no,,,,,,,,,,,,16.278,-86.599,,,,,,,,,,,,,,,,,
b024,La Placita,eat,Street Food,West Bay,$,no,active,yes,Casual collection of food stands offering everything from pupusas to tacos to ge...,yes,no,no,no,,,,,,,,,,,,16.2805,-86.5975,,,,,,,,,,,,,,,,,
b025,Vintage Pearl,eat,Fine Dining,West Bay,$$$,no,active,yes,French-Caribbean fine dining at Bananarama with an extensive wine cellar and dai...,yes,no,no,no,,,,,,,,,,,,16.275083,-86.5993,,,,,,,,,,,,,,,,,
b026,Celeste's Island Cuisine,eat,Seafood,West Bay,$$,no,active,yes,Spectacular outdoor restaurant in West Bay featuring romantic lobster tail dinne...,yes,no,no,no,,,,,,,,,,,,16.2805,-86.5973,,,,,,,,,,,,,,,,,
b027,Bite on the Beach,eat,Seafood,West Bay,$$,no,active,yes,Informal deck restaurant overlooking the turquoise Caribbean Sea serving fresh l...,,,,,,,,,,,,,,,,,,,,,,,,,,,,,,,,,,
b028,Dragonfly Sushi & Fusion,eat,Asian,Sandy Bay,$$,no,active,yes,Delicious and affordable sushi rolls with tasty craft cocktails. Caribbean-Asian...,yes,no,no,no,,,,,,,,,,,,16.331448,-86.562917,,,,,,,,,,,,,,,,,
b029,The Sunken Fish at Tranquilseas,eat,Seafood,Sandy Bay,$$,no,active,yes,"High-end restaurant at Tranquilseas Eco Lodge with sustainable seafood, rooftop ...",,,,,,,,,,,,,,,,16.322067,-86.578117,,,,,,,,,b158,,,,,,,,
b030,Bambu Sushi & Fusion,eat,Asian,Sandy Bay,$$,no,active,yes,Excellent dining spot in Sandy Bay with a fusion menu mixing Caribbean and Asian...,,,,,,,,,,,,,,,,,,,,,,,,,,,,,,,,,,
b031,Anthony's Key Resort Restaurant,eat,Seafood,Sandy Bay,$$,no,active,yes,"Resort restaurant offering buffet breakfasts, poolside snacks, and themed dinner...",,,,,,,,,,,,,,,,,,,,,,,,,,b161,,,,,,,,
b032,The Beach Grill at Blue Bahia,eat,Seafood,Sandy Bay,$$,no,active,yes,Right on the water with outstanding burgers and seafood dishes. Open daily for b...,,,,,,,,,,,,,,,,,,,,,,,,,,,,,,,,,,
b033,Gio's Restaurant,eat,Seafood,French Harbour,$$$,YES,active,yes,World-renowned restaurant and one of the oldest in French Harbour. Famous for Ca...,yes,yes,no,yes,,,,,,,,,,,,16.347933,-86.459885,,,,,,,,,,,,,,,,,
b034,Romeo's Restaurant,eat,Italian,French Harbour,$$,no,active,yes,"Elegant waterfront restaurant with outstanding wood oven pizza, great seafood di...",yes,no,no,no,,,,,,,,,,,,16.34997,-86.460021,,,,,,,,,,,,,,,,,
b035,Herby's Sports Bar & Grill,eat,American,French Harbour,$$,no,active,yes,"Arguably the best sports bar in Honduras with an all-American setting, great bur...",yes,no,no,no,,,,,,,,,,,,16.35939,-86.454936,,,,,,,,,,,,,,,,,
b036,Salty Dawg,eat,Cajun & Caribbean,Oak Ridge,$$,no,active,yes,"Lively Cajun-inspired waterfront eatery in Oak Ridge, serving creative shrimp, f...",yes,no,yes,no,,,,,,,,,,,,16.389587,-86.356025,,,,,,,,,,,,,,,,,
b037,Baleadas Express,eat,Street Food,Coxen Hole,$,no,active,yes,"Authentic Honduran street food in Coxen Hole serving traditional baleadas, tajad...",,,,,,,,,,,,,,,,,,,,,,,,,,,,,,,,,,
b038,Bojangles,eat,American,Coxen Hole,$,no,active,yes,"Popular fast food spot in Coxen Hole serving fried chicken, biscuits, and quick ...",,,,,,,,,,,,,,,,,,,,,,,,,,,,,,,,,,
b039,Brazilian Steakhouse Roatan,eat,Steakhouse,West End,$$,no,active,yes,"New all-you-can-eat Brazilian steakhouse with a full salad bar, table-side carve...",,,,,,,,,,,,,,,,,,,,,,,,,,,,,,,,,,
b040,Babalu's Bar & Grill,eat,American,West Bay,$$,no,active,yes,Fun restaurant and bar right on the sand at Foster's West Bay Beach serving Amer...,,,,,,,,,,,,,,,,,,,,,,,,,,,,,,,,,,
b041,Sundowners Beach Bar,drink,Beach Bar,West End,$,YES,active,yes,The beating heart of West End nightlife planted right on the beach. Happy hour s...,,,,,,,,,,,,,,,,16.306575,-86.592659,,,,,,,,,b001,,,,,,,,
b042,Booty Bar,drink,Party Bar,West End,$,no,active,yes,"Waterfront bar by day that transforms into a pumping nightclub after dark. DJs, ...",yes,no,no,no,,,,,,,,,,,,16.3044,-86.59395,,,,,,,,,,,,,,,,,
b043,Frank's,drink,Party Bar,West End,$,no,active,yes,"Late-night bar and club with DJ music, dance floor, and a loyal following of loc...",yes,no,no,no,,,,,,,,,,,,16.3045,-86.59405,,,,,,,,,,,,,,,,,
b044,Tequila Jacks,drink,Cocktail Bar,West End,$$,no,active,yes,"Hot new bar at Brisas del Mar hotel with craft cocktails, tequila flights, and a...",yes,no,no,no,,,,,,,,,,,,16.299194,-86.594722,,,,,,,,,,,,,,,,,
b045,Bariloche,drink,Wine Bar,West End,$$,no,active,yes,New wine bar and restaurant with live music on Wednesday and Friday nights. Grea...,yes,no,no,no,,,,,,,,,,,,16.304627,-86.5942,,,,,,,,,,,,,,,,,
b046,Blue Marlin,drink,Party Bar,West End,$,YES,active,yes,"The island's most popular dance club with a pumping dance floor, generously pour...",yes,yes,no,no,,,,,,,,,,,,16.3042,-86.5941,,,,,,,,,,,,,,,,,
b047,Eagle Ray's Bar,drink,Dive Bar,West End,$,no,active,yes,Laid-back waterfront dive bar popular with the expat and diver crowd. Cold beers...,yes,no,no,no,,,,,,,,,,,,16.306198,-86.5927,,,,,,,,,,,,,,,,,
b048,Happy Harry's,drink,Karaoke,West End,$,no,active,yes,Popular seafood restaurant and bar with karaoke nights that draw a fun crowd. Gr...,yes,,,,,,,,,,,,,,,,,,,,,,,,,,,,,,,,,
b049,Beachers Bar & Grill,drink,Beach Bar,West Bay,$$,YES,active,yes,"Directly on West Bay Beach sand, this family-run bar has been serving for over 1...",yes,yes,no,yes,,,,,,,,,,,,16.277956,-86.59925,,,,,,,,,,,,,,,,,
b050,Land's End Bar,drink,Beach Bar,West Bay,$$,no,active,yes,"Beachfront bar at the quieter end of West Bay Beach with cold drinks, a relaxed ...",,,,,,,,,,,,,,,,,,,,,,,,,,,,,,,,,,
b051,Blue Bahia Beach Bar,drink,Beach Bar,Sandy Bay,$$,no,active,yes,"Beachfront bar at Blue Bahia Resort with weekly specials, cocktails, and a chill...",,,,,,,,,,,,,,,,,,,,,,,,,,,,,,,,,,
b052,Jolly Roger Bar,drink,Party Bar,West End,$,no,active,yes,"Pirate-themed bar in West End with fun decor, strong rum drinks, and a lively cr...",,,,,,,,,,,,,,,,,,,,,,,,,,,,,,,,,,
b053,San Simon Beach Club,drink,Beach Bar,West Bay,$$$,no,active,yes,Stunning beach club in West Bay combining beachside luxury with vibrant social s...,yes,no,no,no,,,,,,,,,,,,16.272309,-86.6005,,,,,,,,,,,,,,,,,
b054,Coconut Bar,drink,Local Bar,Coxen Hole,$,no,active,yes,"Local watering hole in Coxen Hole popular with residents. Cold beer, local rum, ...",yes,no,yes,no,,,,,,,,,,,,16.31612,-86.53834,,,,,,,,,,,,,,,,,
b055,Tranquil Seas Bar,drink,Rooftop Bar,Sandy Bay,$$,no,active,yes,Rooftop bar at Tranquilseas Eco Lodge with stunning sunset views and craft cockt...,,,,,,,,,,,,,,,,,,,,,,,,,,b158,,,,,,,,
b056,Romeo's Wine Bar,drink,Wine Bar,French Harbour,$$,no,active,yes,Wine bar extension of Romeo's Restaurant with an impressive selection of interna...,,,,,,,,,,,,,,,,,,,,,,,,,,,,,,,,,,
b057,La Palapa Bar at Infinity Bay,drink,Beach Bar,West Bay,$$,no,active,yes,"Beach bar at Infinity Bay Resort with tropical cocktails, beachfront seating, an...",,,,,,,,,,,,,,,,,,,,,,,,,,b151,,,,,,,,
b058,Roatan Island Brewing Co.,drink,Brewery,Palmetto Bay,$$,no,active,yes,Craft brewery producing small-batch beers inspired by island life. Tasting room ...,yes,no,yes,no,,,,,,,,,,,,16.359755,-86.484682,,,,,,,,,,,,,,,,,
b059,The Mermaid Bar,drink,Cocktail Bar,West End,$,no,active,yes,"Colorful waterfront bar in West End with handcrafted cocktails and a fun, eclect...",,,,,,,,,,,,,,,,,,,,,,,,,,,,,,,,,,
b060,Coco Lounge,drink,Cocktail Bar,West Bay,$$,no,active,yes,"Upscale beachfront lounge in West Bay with premium cocktails, chill music, and c...",,,,,,,,,,,,,,,,,,,,,,,,,,,,,,,,,,
b061,Half Moon Bay Bar,drink,Dive Bar,West End,$,no,active,yes,Casual open-air bar right on Half Moon Bay with cheap drinks and a dive-shop cro...,,,,,,,,,,,,,,,,,,,,,,,,,,,,,,,,,,
b062,The Pirate Bar,drink,Party Bar,West End,$,no,active,yes,"Fun-themed bar with skull-and-crossbones decor, strong rum cocktails, and a late...",,,,,,,,,,,,,,,,,,,,,,,,,,,,,,,,,,
b063,Lighthouse Bar,drink,Cocktail Bar,West End,$$,no,active,yes,"Elevated bar overlooking the West End shore with panoramic views, cold beer, and...",,,,,,,,,,,,,,,,,,,,,,,,,,,,,,,,,,
b064,Mega Plaza Food Court,drink,Cafe,French Harbour,$,no,active,yes,"French Harbour's main mall with restaurants, coffee shops, and casual dining in ...",,,,,,,,,,,,,,,,,,,,,,,,,,,,,,,,,,
b065,Paya Bay Beach Bar,drink,Beach Bar,Camp Bay,$$,no,active,yes,"Secluded bar at the eastern end of the island with a bohemian, clothing-optional...",yes,no,no,no,,,,,,,,,,,,16.428513,-86.313192,,,,,,,,,,,,,,,,,
b066,Coconut Tree Divers,dive,Dive Shop,West End,$$,YES,active,yes,PADI 5-Star Instructor Development Center in Half Moon Bay. Roatan's only TEC Di...,yes,yes,no,yes,,,,,,,,,,,,16.30571,-86.592872,,,,,,,,,,,,,,,,,
b067,Roatan Divers,dive,Dive Shop,West End,$$,YES,active,yes,Multi-award-winning PADI 5-Star IDC Eco Center and TEC Center. Known for boutiqu...,yes,yes,no,no,,,,,,,,,,,,16.30571,-86.5929,,,,,,,,,,,,,,,,,
b068,Sun Divers Roatan,dive,Dive Shop,West End,$$,no,active,yes,Roatan's first-ever PADI Eco Center run by husband-wife team Shannon and Natalie...,yes,no,no,no,,,,,,,,,,,,16.3055,-86.5928,,,,,,,,,,,,,,,,,
b069,West End Divers,dive,Dive Shop,West End,$$,no,active,yes,The longest continuously operating dive shop in West End. PADI 5-Star Dive Resor...,yes,no,no,no,,,,,,,,,,,,16.3055,-86.5927,,,,,,,,,,,,,,,,,
b070,Roatan Dive Center,dive,Dive Shop,West End,$$,no,active,yes,Dive center offering both North and South shore diving from their West End and D...,,,,,,,,,,,,,,,,,,,,,,,,,,,,,,,,,,
b071,Octopus Dive School,dive,Dive Shop,West End,$$,no,active,yes,Boutique PADI dive center focused on small groups and personalized instruction. ...,,,,,,,,,,,,,,,,,,,,,,,,,,,,,,,,,,
b072,Native Sons Diving,dive,Dive Shop,West End,$$,YES,active,yes,The longest-running dive shop in West End under the same local ownership. Alvin ...,yes,no,yes,no,,,,,,,,,,,,16.306548,-86.59236,,,,,,,,,,,,,,,,,
b073,Reef Gliders,dive,Dive Shop,West End,$$,no,active,yes,Popular West End dive shop offering fun dives and PADI courses with experienced ...,,,,,,,,,,,,,,,,,,,,,,,,,,,,,,,,,,
b074,West Bay Divers,dive,Dive Shop,West Bay,$$,no,active,yes,PADI 5-Star dive shop with two locations right on West Bay Beach. Perfect for be...,yes,no,no,no,,,,,,,,,,,,16.275951,-86.5992,,,,,,,,,,,,,,,,,
b075,Seagrape Dive Shop,dive,Dive Shop,West End,$$,no,active,yes,Over 15 years of local reef expertise at Seagrape Plantation Resort. Known for p...,,,,,,,,,,,,,,,,,,,,,,,,,,,,,,,,,,
b076,Dockside Dive Center,dive,Dive Shop,French Harbour,$$,no,active,yes,Full-service PADI 5-Star dive center at CoCo View Resort offering world-class wa...,,,,,,,,,,,,,,,,16.359381,-86.432945,,,,,,,,,b165,,,,,,,,
b077,Luna Beach Dive Shop,dive,Dive Shop,West End,$$,no,active,yes,"Laid-back and friendly dive shop at Luna Beach Resort, steps from both West End ...",,,,,,,,,,,,,,,,,,,,,,,,,,,,,,,,,,
b078,Blue Island Divers,dive,Dive Shop,Sandy Bay,$$,no,active,yes,Secluded boutique B&B and scuba diving destination in Sandy Bay. Intimate diving...,,,,,,,,,,,,,,,,,,,,,,,,,,,,,,,,,,
b079,Island Snorkel Tours,dive,Snorkel Tour,West Bay,$,no,active,yes,Guided snorkel tours exploring the reef right off West Bay Beach. No diving expe...,yes,no,no,no,,,,,,,,,,,,16.277,-86.5995,,,,,,,,,,,,,,,,,
b080,Roatan Ocean Adventures,dive,Snorkel Tour,West End,$$,no,active,yes,"Snorkel, wildlife, and boat tours exploring Roatan's marine life including sea t...",,,,,,,,,,,,,,,,,,,,,,,,,,,,,,,,,,
b081,Deep Blue Freediving,dive,Freediving,West End,$$,no,active,yes,Professional freediving instruction and guided dives. Explore the reef on a sing...,yes,no,no,no,,,,,,,,,,,,16.30571,-86.592872,,,,,,,,,,,,,,,,,
b082,Bananarama Dive Center,dive,Dive Shop,West Bay,$$,no,active,yes,Dive center at Bananarama Resort on West Bay Beach offering easy shore diving an...,,,,,,,,,,,,,,,,16.27459,-86.598781,,,,,,,,,b155,,,,,,,,
b083,Paradise Beach Dive Center,dive,Dive Shop,West Bay,$$,no,active,yes,PADI 5-Star Instructor Development Center at Paradise Beach Hotel on West Bay Be...,yes,no,no,no,,,,,,,,,,,,16.274093,-86.598769,,,,,,,,,,,,,,,,,
b084,Turquoise Bay Dive & Beach Resort,dive,Dive Shop,Milton Bight,$$,no,active,yes,"Dive resort in Sandy Bay with PADI courses, daily boat dives, and beautiful shor...",,,,,,,,,,,,,,,,,,,,,,,,,,,,,,,,,,
b085,Mayan Divers at Mayan Princess,dive,Dive Shop,West Bay,$$,no,active,yes,Dive shop at the Mayan Princess Resort offering convenient reef access and PADI ...,yes,no,no,no,,,,,,,,,,,,16.275951,-86.599149,,,,,,,,,,,,,,,,,
b086,Anthony's Key Resort Dive Center,dive,Dive Shop,Sandy Bay,$$,YES,active,yes,"Full-service dive center at Anthony's Key Resort with dolphin dives, reef dives,...",,,,,,,,,,,,,,,,16.32641,-86.571847,,,,,,,,,b161,,,,,,,,
b087,Roatan Reef Tours,dive,Snorkel Tour,West End,$,no,active,yes,Guided snorkel and fishing tours departing from West End. Explore pristine reef ...,,,,,,,,,,,,,,,,,,,,,,,,,,,,,,,,,,
b088,Infinity Bay Dive Center,dive,Dive Shop,West Bay,$$,no,active,yes,Dive shop at Infinity Bay Resort providing easy access to West Bay's renowned re...,,,,,,,,,,,,,,,,16.272548,-86.598468,,,,,,,,,b151,,,,,,,,
b089,Oak Ridge Snorkel Adventure,dive,Snorkel Tour,Oak Ridge,$,no,active,yes,Guided snorkel tours through the mangroves and reefs around Oak Ridge. A unique ...,yes,no,yes,no,,,,,,,,,,,,16.389587,-86.356025,,,,,,,,,,,,,,,,,
b090,Glass Bottom Boat Tours,dive,Snorkel Tour,West Bay,$,no,active,yes,See the reef without getting wet on a glass bottom boat tour departing from West...,,,,,,,,,,,,,,,,,,,,,,,,,,,,,,,,,,
b091,Blue Marlin Night Club,nightlife,Night Club,West End,$,YES,active,yes,Roatan's biggest and loudest dance club with DJs spinning until 3am. The go-to s...,,,,,,,,,,,,,,,,16.3042,-86.5941,,,,,,,,,b046,,,,,,,,
b092,Sundowners Live Music Nights,nightlife,Live Music,West End,$,no,active,yes,Sundowners transforms into the island's best live music venue on Tuesday and Fri...,,,,,,,,,,,,,,,,16.306575,-86.592659,,,,,,,,,b001,,,,,,,,
b093,Booty Bar Nightlife,nightlife,Night Club,West End,$,no,active,yes,"Waterfront bar that transforms into a dance club after dark with a DJ, strong dr...",,,,,,,,,,,,,,,,,,,,,,,,,,b042,,,,,,,,
b094,Frank's Night Club,nightlife,Night Club,West End,$,no,active,yes,Late-night institution with DJ music and a dance floor that keeps going until th...,,,,,,,,,,,,,,,,,,,,,,,,,,b043,,,,,,,,
b095,Happy Harry's Karaoke Nights,nightlife,Karaoke,West End,$,no,active,yes,Lively karaoke bar where visitors and locals belt out tunes over strong drinks a...,,,,,,,,,,,,,,,,,,,,,,,,,,b048,,,,,,,,
b096,Infinity Bay Beach Party,nightlife,Beach Party,West Bay,$$,no,active,yes,"Sunday beach parties at Infinity Bay Resort with DJs, dancing on the sand, and t...",,,,,,,,,,,,,,,,16.272548,-86.598468,,,,,,,,,b151,,,,,,,,
b097,West Bay Beach Bonfire,nightlife,Beach Party,West Bay,$,no,active,yes,"Regular beach bonfire nights on West Bay Beach with fire dancers, acoustic music...",yes,no,no,no,,,,,,,,,,,,16.27459,-86.599,,,,,,,,,,,,,,,,,
b098,RoaCrawl Bar Crawl,nightlife,Night Club,West End,$,no,active,yes,"Organized bar crawl through West End's best nightlife spots with guides, drink s...",yes,no,yes,no,,,,,,,,,,,,16.306548,-86.59236,,,,,,,,,,,,,,,,,
b099,Roots Reggae Bar,nightlife,Reggae Bar,West End,$,no,active,yes,"Authentic reggae bar in West End with Garifuna music, local DJs, and a true Cari...",yes,no,no,no,,,,,,,,,,,,16.3044,-86.594,,,,,,,,,,,,,,,,,
b100,Herby's Sports Nights,nightlife,Sports Bar,French Harbour,$,no,active,yes,"French Harbour's sports bar comes alive on game nights with big screens, wings, ...",,,,,,,,,,,,,,,,,,,,,,,,,,b035,,,,,,,,
b101,Bariloche Live Music,nightlife,Live Music,West End,$$,no,active,yes,Wine bar hosting live music every Wednesday and Friday night. The newest additio...,,,,,,,,,,,,,,,,,,,,,,,,,,,,,,,,,,
b102,Tequila Jacks Pool Party,nightlife,Beach Party,West End,$,no,active,yes,"Weekend pool parties at Brisas del Mar with DJs, tequila specials, and a lively ...",,,,,,,,,,,,,,,,,,,,,,,,,,,,,,,,,,
b103,Coco Lounge Nights,nightlife,Lounge,West Bay,$$,no,active,yes,"Upscale lounge evenings in West Bay with craft cocktails, chill music, and a sop...",,,,,,,,,,,,,,,,,,,,,,,,,,,,,,,,,,
b104,Beachers Sunday Funday,nightlife,Beach Party,West Bay,$,no,active,yes,"Legendary Sunday day-party at Beachers on West Bay Beach with live music, beach ...",,,,,,,,,,,,,,,,16.277956,-86.59925,,,,,,,,,b049,,,,,,,,
b105,Thirsty Turtle Live Music,nightlife,Live Music,West Bay,$,no,active,yes,Regular live music nights at the Thirsty Turtle on West Bay Beach with acoustic ...,,,,,,,,,,,,,,,,,,,,,,,,,,b019,,,,,,,,
b106,Eagle Ray's Game Night,nightlife,Sports Bar,West End,$,no,active,yes,"Darts, pool, and trivia nights at this beloved dive bar. A low-key night out wit...",,,,,,,,,,,,,,,,,,,,,,,,,,,,,,,,,,
b107,Jolly Roger Pirate Night,nightlife,Night Club,West End,$,no,active,yes,"Themed pirate parties with rum buckets, costume contests, and a rowdy good time ...",,,,,,,,,,,,,,,,,,,,,,,,,,,,,,,,,,
b108,Punta Gorda Garifuna Nights,nightlife,Live Music,Punta Gorda,$,no,active,yes,Authentic Garifuna drumming and cultural performances in the traditional village...,yes,no,yes,no,,,,,,,,,,,,16.41369,-86.364287,,,,,,,,,,,,,,,,,
b109,Half Moon Bay Full Moon Party,nightlife,Beach Party,West End,$,no,active,yes,"Monthly full moon parties on Half Moon Bay Beach with bonfires, music, and danci...",,,,,,,,,,,,,,,,,,,,,,,,,,,,,,,,,,
b110,Happy Harry's Live Band Night,nightlife,Live Music,West End,$,no,active,yes,"Live band performances with a fun crowd, strong drinks, and a mix of rock, regga...",,,,,,,,,,,,,,,,,,,,,,,,,,b048,,,,,,,,
b111,Bodden Tours,tours,Island Tour,Coxen Hole,$$,YES,active,yes,"The original Best of Roatan tour operator offering private guides, Zip-n-Dip exc...",yes,yes,no,yes,,,,,,,,,,,,16.313628,-86.544489,,,,,,,,,,,,,,,,,
b112,Gumbalimba Park,tours,Nature Park,West Bay,$$,YES,active,yes,"20-acre beachfront nature park with Capuchin monkeys, exotic birds, iguanas, can...",yes,yes,no,no,,,,,,,,,,,,16.282575,-86.595909,,,,,,,,,,,,,,,,,
b113,Daniel Johnson's Monkey & Sloth Hangout,tours,Nature Park,French Harbour,$$,YES,active,yes,"Beloved animal sanctuary in French Cay where you can interact with sloths, capuc...",yes,yes,no,no,,,,,,,,,,,,16.364152,-86.439274,,,,,,,,,,,,,,,,,
b114,South Shore Canopy Zipline,tours,Zipline,West Bay,$$,no,active,yes,"Adrenaline-pumping zipline park with 13 lines up to 1,500 feet long and speeds u...",yes,no,no,no,,,,,,,,,,,,16.286686,-86.590769,,,,,,,,,,,,,,,,,
b115,Charlie's Roatan Tours,tours,Island Tour,Coxen Hole,$$,no,active,yes,"Private and group island tours covering the best of Roatan including beaches, wi...",,,,,,,,,,,,,,,,,,,,,,,,,,,,,,,,,,
b116,Ruthless Roatan Charters,tours,Fishing,West End,$$,no,active,yes,"Deep sea and reef fishing charters departing from West End. Catch mahi-mahi, wah...",yes,no,no,no,,,,,,,,,,,,16.30571,-86.593,,,,,,,,,,,,,,,,,
b117,Rony's Independent Tours,tours,Island Tour,Coxen Hole,$$,no,active,yes,"Local guide offering private tours to Daniel Johnson's sanctuary, ziplines, beac...",,,,,,,,,,,,,,,,,,,,,,,,,,,,,,,,,,
b118,Roatan Chocolate Factory,tours,Food Tour,West End,$,no,active,yes,Tour the chocolate-making process from cacao bean to bar and sample delicious Ho...,yes,no,yes,no,,,,,,,,,,,,16.302202,-86.593814,,,,,,,,,,,,,,,,,
b119,Roatan Rum Company,tours,Food Tour,West Bay,$,no,active,yes,Craft rum distillery offering tours and tastings of locally produced rum made wi...,yes,no,no,no,,,,,,,,,,,,16.288222,-86.589598,,,,,,,,,,,,,,,,,
b120,Mangrove Kayak Tours,tours,Kayak Tour,Oak Ridge,$,no,active,yes,Guided kayak tours through the mangrove tunnels of Oak Ridge. See incredible bir...,yes,no,no,no,,,,,,,,,,,,16.389587,-86.3562,,,,,,,,,,,,,,,,,
b121,Roatan Fishing Charters,tours,Fishing,West End,$$$,no,active,yes,"Full-day and half-day deep sea fishing trips targeting marlin, mahi-mahi, wahoo,...",,,,,,,,,,,,,,,,,,,,,,,,,,,,,,,,,,
b122,Horseback Riding Roatan,tours,Horseback Riding,Sandy Bay,$$,no,active,yes,Beach horseback riding along scenic trails and sandy shores with beautiful views...,yes,no,no,no,,,,,,,,,,,,16.322067,-86.5785,,,,,,,,,,,,,,,,,
b123,Punta Gorda Cultural Tour,tours,Cultural Tour,Punta Gorda,$,no,active,yes,Authentic Garifuna cultural experience in Honduras' oldest village. Traditional ...,yes,no,no,no,,,,,,,,,,,,16.41369,-86.364287,,,,,,,,,,,,,,,,,
b124,Discover Roatan Excursions,tours,Island Tour,Coxen Hole,$$,no,active,yes,"Cruise ship excursion specialists offering snorkel, beach, zipline, and combinat...",,,,,,,,,,,,,,,,,,,,,,,,,,,,,,,,,,
b125,Real Deal Roatan Tours,tours,Island Tour,Coxen Hole,$$,no,active,yes,Locally operated tour company with a wide range of activities from snorkeling to...,,,,,,,,,,,,,,,,,,,,,,,,,,,,,,,,,,
b126,Maya Key Private Island,tours,Boat Tour,French Harbour,$$$,no,active,yes,"Private 12-acre island with pristine beaches, an animal sanctuary, and superb sn...",,,,,,,,,,,,,,,,,,,,,,,,,,,,,,,,,,
b127,Little French Key,tours,Boat Tour,French Harbour,$$$,YES,active,yes,"Private island paradise on Roatan's south side with white sandy beaches, crystal...",yes,yes,no,no,,,,,,,,,,,,16.351971,-86.44285,,,,,,,,,,,,,,,,,
b128,Roatan PaddleSports Tours,tours,Kayak Tour,West End,$,no,active,yes,"Guided paddleboard and kayak tours exploring West End's coastline, mangroves, an...",,,,,,,,,,,,,,,,,,,,,,,,,,,,,,,,,,
b129,Roatan Tucan Adventures,tours,Island Tour,Coxen Hole,$,no,active,yes,"Tour operator offering monkey and sloth encounters, shuttle services, and combin...",,,,,,,,,,,,,,,,,,,,,,,,,,,,,,,,,,
b130,Waves of Art Gallery,tours,Cultural Tour,West End,$,no,active,yes,Colorful gallery in West End showcasing local artists with unique handmade goods...,,,,,,,,,,,,,,,,,,,,,,,,,,,,,,,,,,
b131,Macaw Container Market,shop,Market,French Harbour,$,YES,active,yes,"Vibrant shopping village with handmade products, crafts, convenience stores, bar...",yes,yes,no,yes,,,,,,,,,,,,16.320278,-86.523541,,,,,,,,,,,,,,,,,
b132,Town Center at Port of Roatan,shop,Shopping Center,Coxen Hole,$$,no,active,yes,"Duty-free shopping mall at the cruise port with jewelry, souvenirs, clothing, an...",yes,no,no,no,,,,,,,,,,,,16.313628,-86.544489,,,,,,,,,,,,,,,,,
b133,Coxen Hole Municipal Market,shop,Market,Coxen Hole,$,no,active,yes,"Authentic local market selling fresh produce, Garifuna crafts, lenca pottery, st...",yes,no,yes,no,,,,,,,,,,,,16.31612,-86.53834,,,,,,,,,,,,,,,,,
b134,Waves of Art,shop,Art Gallery,West End,$,no,active,yes,Eye-catching colorful gallery in West End popular with tourists. Local artists s...,yes,no,no,no,,,,,,,,,,,,16.3045,-86.594,,,,,,,,,,,,,,,,,
b135,Rusty Fish Recycled Island Art,shop,Art Gallery,West End,$$,no,active,yes,Unique art gallery creating beautiful pieces from recycled materials found aroun...,yes,no,yes,no,,,,,,,,,,,,16.304809,-86.593802,,,,,,,,,,,,,,,,,
b136,Wild Roatan,shop,Gift Shop,West End,$$,no,active,yes,"Conservation-focused shop selling eco-friendly clothing, reef-safe products, and...",yes,no,no,no,,,,,,,,,,,,16.3044,-86.594,,,,,,,,,,,,,,,,,
b137,Roatan Vibes Boutique,shop,Gift Shop,West End,$,no,active,yes,"Local artisan craft shop featuring handmade jewelry, beachwear, and unique islan...",,,,,,,,,,,,,,,,,,,,,,,,,,,,,,,,,,
b138,Mahogany Bay Shopping Village,shop,Shopping Center,Dixon Cove,$$,no,active,yes,"Cruise port shopping area with souvenir shops, jewelry stores, and local craft v...",,,,,,,,,,,,,,,,,,,,,,,,,,,,,,,,,,
b139,Driftwood Designs,shop,Home Decor,West End,$$,no,active,yes,Home decor and gift shop in West End featuring handcrafted items from local mate...,yes,no,no,no,,,,,,,,,,,,16.3047,-86.59385,,,,,,,,,,,,,,,,,
b140,Island Pearl Jewelry,shop,Jewelry,French Harbour,$$,no,active,yes,"Fine jewelry shop in French Harbour specializing in pearls, silver, and unique C...",,,,,,,,,,,,,,,,,,,,,,,,,,,,,,,,,,
b141,Caribbean Cigar Co.,shop,Cigar Shop,West Bay,$$,no,active,yes,Hand-rolled Honduran cigars in a relaxed lounge setting with premium cigars and ...,yes,no,no,no,,,,,,,,,,,,16.282575,-86.5962,,,,,,,,,,,,,,,,,
b142,Tucan Gift Shop,shop,Gift Shop,Dixon Cove,$,no,active,yes,"Local crafts, pottery, and Honduran souvenirs near the Dixon Cove area. Great fo...",,,,,,,,,,,,,,,,,,,,,,,,,,,,,,,,,,
b143,Roatan Art Gallery,shop,Art Gallery,West End,$$,no,active,yes,"Gallery showcasing paintings, photography, and mixed media from island artists. ...",,,,,,,,,,,,,,,,,,,,,,,,,,,,,,,,,,
b144,Cariloha Bamboo,shop,Gift Shop,Dixon Cove,$$,no,active,yes,"Bamboo clothing and lifestyle brand store at Mahogany Bay with soft, sustainable...",,,,,,,,,,,,,,,,,,,,,,,,,,,,,,,,,,
b145,Coral Stone Shopping Mall,shop,Shopping Center,Sandy Bay,$,no,active,yes,"Sandy Bay shopping center with restaurants, boutiques, and service shops serving...",,,,,,,,,,,,,,,,,,,,,,,,,,,,,,,,,,
b146,West Bay Beach Gift Shop,shop,Gift Shop,West Bay,$,no,active,yes,"Beachside souvenir shop with t-shirts, magnets, postcards, and beach accessories...",yes,no,no,no,,,,,,,,,,,,16.277956,-86.59925,,,,,,,,,,,,,,,,,
b147,Island Surf & Board Shop,shop,Surf Shop,West End,$$,no,active,yes,"Surf shop in West End selling boards, gear, beachwear, and water sports equipmen...",,,,,,,,,,,,,,,,,,,,,,,,,,,,,,,,,,
b148,Honduras Coffee Co.,shop,Gift Shop,West End,$,no,active,yes,"Specialty coffee shop and store selling premium Honduran single-origin beans, gi...",yes,no,no,no,,,,,,,,,,,,16.3046,-86.5939,,,,,,,,,,,,,,,,,
b149,Mega Plaza Mall,shop,Shopping Center,French Harbour,$,no,active,yes,"French Harbour's main shopping mall with restaurants, clothing stores, electroni...",,,,,,,,,,,,,,,,,,,,,,,,,,,,,,,,,,
b150,Two Sisters Gift Shop,shop,Gift Shop,Dixon Cove,$,no,active,yes,"Local craft shop at Mahogany Bay selling traditional Honduran crafts, textiles, ...",,,,,,,,,,,,,,,,,,,,,,,,,,,,,,,,,,
b151,Infinity Bay Resort,stay,Resort,West Bay,$$$,YES,active,yes,"Premier West Bay resort with beachfront condos, multiple pools, dive center, and...",yes,yes,no,yes,,,,,,,,,,,,16.272548,-86.598468,,,,,,,,,,,,,,,,,
b152,Mayan Princess Beach & Dive Resort,stay,Resort,West Bay,$$$,no,active,yes,"Luxury all-inclusive resort on West Bay Beach with spacious condos, dive center,...",,,,,,,,,,,,,,,,,,,,,,,,,,,,,,,,,,
b153,Kimpton Grand Roatan,stay,Hotel,West Bay,$$$,YES,active,yes,"The most upscale hotel in West Bay with modern rooms, private balconies, reliabl...",yes,yes,no,no,,,,,,,,,,,,16.270654,-86.600593,,,,,,,,,,,,,,,,,
b154,Arca Roatan,stay,Resort,West Bay,$$$,no,active,yes,"Intimate luxury boutique with only 16 rooms, saltwater pool, on-site restaurant,...",yes,no,no,no,,,,,,,,,,,,16.275083,-86.599202,,,,,,,,,,,,,,,,,
b155,Bananarama Dive Resort,stay,Dive Resort,West Bay,$,no,active,yes,"Budget-friendly beachfront resort on West Bay Beach with a dive center, Vintage ...",yes,no,no,no,,,,,,,,,,,,16.27459,-86.598781,,,,,,,,,,,,,,,,,
b156,The Beach House,stay,Hotel,West End,$$,no,active,yes,Boutique hotel considered the best place to stay in West End with Mila del Mar r...,yes,no,no,no,,,,,,,,,,,,16.306198,-86.5927,,,,,,,,,,,,,,,,,
b157,Brisas del Mar,stay,Hotel,West End,$$,no,active,yes,"Mid-range hotel in West End with private pool, bar, restaurant, and walking dist...",,,,,,,,,,,,,,,,,,,,,,,,,,,,,,,,,,
b158,Tranquilseas Eco Lodge & Dive Center,stay,Eco Lodge,Sandy Bay,$$,no,active,yes,"Eco-friendly lodge in Sandy Bay with the Sunken Fish restaurant, dive center, an...",yes,no,no,no,,,,,,,,,,,,16.322067,-86.578117,,,,,,,,,,,,,,,,,
b159,Seagrape Plantation Resort,stay,Resort,West End,$$,no,active,yes,"Established resort in West End with 15+ years of operation, on-site dive shop, a...",,,,,,,,,,,,,,,,,,,,,,,,,,,,,,,,,,
b160,Luna Beach Luxury Boutique Resort,stay,Resort,West End,$$,no,active,yes,"Boutique beachfront resort between West End and West Bay with a dive shop, resta...",,,,,,,,,,,,,,,,,,,,,,,,,,,,,,,,,,
b161,Anthony's Key Resort,stay,Resort,Sandy Bay,$$,YES,active,yes,"Iconic Sandy Bay resort famous for dolphin encounters, dive center, and a true C...",yes,yes,no,no,,,,,,,,,,,,16.32641,-86.571847,,,,,,,,,,,,,,,,,
b162,Blue Bahia Resort,stay,Resort,Sandy Bay,$$,no,active,yes,"Beachfront resort in Sandy Bay with the Beach Grill restaurant, weekly specials,...",,,,,,,,,,,,,,,,,,,,,,,,,,,,,,,,,,
b163,Roatan Backpackers' Hostel,stay,Hostel,Sandy Bay,$,no,active,yes,"Sandy Bay hostel with family rooms, private bathrooms, pool, and restaurant. Gre...",yes,no,no,no,,,,,,,,,,,,16.32,-86.575,,,,,,,,,,,,,,,,,
b164,Paradise Beach Hotel,stay,Hotel,West Bay,$$,no,active,yes,"West Bay beachfront hotel with PADI 5-Star dive center, restaurant, and direct a...",,,,,,,,,,,,,,,,,,,,,,,,,,,,,,,,,,
b165,CoCo View Resort,stay,Dive Resort,French Harbour,$$,no,active,yes,Legendary dive resort on the South Shore with the famous Dockside Dive Center an...,yes,no,no,no,,,,,,,,,,,,16.359381,-86.432945,,,,,,,,,,,,,,,,,
b166,Las Verandas Hotel & Villas,stay,Hotel,French Harbour,$$$,no,active,yes,"Luxury hotel at Pristine Bay with Caribbean and reef views, modern-classic rooms...",,,,,,,,,,,,,,,,,,,,,,,,,,,,,,,,,,
b167,Posada Arco Iris,stay,B&B,West End,$,no,active,yes,"Colorful budget-friendly B&B in West End with simple rooms, breakfast included, ...",,,,,,,,,,,,,,,,,,,,,,,,,,,,,,,,,,
b168,Camp Bay Eco Lodge,stay,Eco Lodge,Camp Bay,$,no,active,yes,"Remote eco-lodge on the quiet east end of the island with solar power, nature tr...",yes,no,no,no,,,,,,,,,,,,16.429201,-86.293666,,,,,,,,,,,,,,,,,
b169,Captain Van's Rentals,rentals,Scooter Rental,West Bay,$,YES,active,yes,"Motorcycles, scooters, mopeds, and bicycles available for rent. The most popular...",yes,no,no,yes,,,,,,,,,,,,16.282575,-86.595909,,,,,,,,,,,,,,,,,
b170,Discover Roatan Rent A Car,rentals,Car Rental,Coxen Hole,$$,no,active,yes,Car rental at the airport with a range of vehicles from economy to SUVs. Reserve...,,,,,,,,,,,,,,,,,,,,,,,,,,,,,,,,,,
b171,Atlantis Rent a Car,rentals,Car Rental,Coxen Hole,$$,no,active,yes,Innovative white-glove car rental service with hotel delivery and premium vehicl...,,,,,,,,,,,,,,,,,,,,,,,,,,,,,,,,,,
b172,Thomas Car Rental,rentals,Car Rental,Coxen Hole,$,no,active,yes,"Short and long-term car rentals with economy, performance, and spacious vehicle ...",,,,,,,,,,,,,,,,,,,,,,,,,,,,,,,,,,
b173,Roatan PaddleSports Rentals,rentals,Kayak Rental,West End,$,no,active,yes,Paddleboard and kayak rentals from the West End waterfront. Hourly and daily rat...,yes,no,no,no,,,,,,,,,,,,16.30571,-86.593,,,,,,,,,,,,,,,,,
b174,West Bay Kayak Rental,rentals,Kayak Rental,West Bay,$,no,active,yes,Kayak and paddleboard rentals right on West Bay Beach with hourly and half-day o...,,,,,,,,,,,,,,,,,,,,,,,,,,,,,,,,,,
b175,Captain Bob's Boat Rental,rentals,Boat Rental,West End,$$,no,active,yes,"Small boat and panga rentals for self-guided reef exploration, fishing, and isla...",,,,,,,,,,,,,,,,,,,,,,,,,,,,,,,,,,
b176,Reef Rider Jet Ski Rentals,rentals,Jet Ski,West Bay,$$,no,active,yes,Jet ski rentals on West Bay Beach with guided tours and free-ride options. Safet...,yes,no,no,no,,,,,,,,,,,,16.275951,-86.5992,,,,,,,,,,,,,,,,,
b177,Island Bicycle Rental,rentals,Bicycle Rental,West End,$,no,active,yes,Beach cruisers and mountain bikes for rent in West End. The most eco-friendly wa...,,,,,,,,,,,,,,,,,,,,,,,,,,,,,,,,,,
b178,Sandy Bay Golf Cart Rentals,rentals,Golf Cart Rental,Sandy Bay,$,no,active,yes,Golf cart rentals in Sandy Bay - the fun and easy way to get around the western ...,,,,,,,,,,,,,,,,,,,,,,,,,,,,,,,,,,
b179,Roatan Ferry Terminal (Galaxy Wave),transport,Ferry,Dixon Cove,$,YES,active,yes,Ferry service connecting Roatan to La Ceiba on the mainland via the Galaxy Wave....,yes,no,no,yes,,,,,,,,,,,,16.328478,-86.499548,,,,,,,,,,,,,,,,,
b180,West Bay Water Taxi,transport,Water Taxi,West End,$,no,active,yes,Water taxi service between West End and West Bay Beach. The scenic and fun way t...,yes,no,no,no,,,,,,,,,,,,16.30571,-86.593,,,,,,,,,,,,,,,,,
b181,Roatan Five Stars Tours & Transport,transport,Private Car,Coxen Hole,$$,no,active,yes,"Private transport and excursion service with comfortable vehicles, English-speak...",,,,,,,,,,,,,,,,,,,,,,,,,,,,,,,,,,
b182,Roatan Airport Transfers,transport,Airport Transfer,Coxen Hole,$$,no,active,yes,Reliable airport pickup and drop-off service with meet-and-greet at the terminal...,,,,,,,,,,,,,,,,,,,,,,,,,,,,,,,,,,
b183,Cruise Port Shuttle Express,transport,Shuttle,Coxen Hole,$,no,active,yes,Shuttle service from Mahogany Bay and Port of Roatan cruise terminals to West Ba...,,,,,,,,,,,,,,,,,,,,,,,,,,,,,,,,,,
b184,East End Colectivo,transport,Public Bus,Coxen Hole,$,no,active,yes,Shared minibus service running the main road from Coxen Hole to the east end. Th...,,,,,,,,,,,,,,,,,,,,,,,,,,,,,,,,,,
b185,Oak Ridge Water Taxi,transport,Water Taxi,Oak Ridge,$,no,active,yes,Water taxi service around Oak Ridge and the mangrove channels. The traditional w...,,,,,,,,,,,,,,,,,,,,,,,,,,,,,,,,,,
b186,VIP Transport Roatan,transport,Private Car,West Bay,$$$,no,active,yes,"Premium private transport with luxury vehicles, professional drivers, and air-co...",,,,,,,,,,,,,,,,,,,,,,,,,,,,,,,,,,
b187,Roatan Taxi Service,transport,Taxi,Coxen Hole,$,no,active,yes,Island-wide taxi service with set fares between major destinations. Available at...,,,,,,,,,,,,,,,,,,,,,,,,,,,,,,,,,,
b188,West End to French Harbour Bus,transport,Public Bus,West End,$,no,active,yes,"Local bus service connecting West End through Sandy Bay, Coxen Hole, and on to F...",,,,,,,,,,,,,,,,,,,,,,,,,,,,,,,,,,
b189,West Bay Beach,beaches,Public Beach,West Bay,$,YES,active,yes,Roatan's most famous beach with powdery white sand and crystal-clear turquoise w...,yes,yes,no,yes,,,,,,,,,,,,16.27277,-86.600389,,,,,,,,,,,,,,,,,
b190,Half Moon Bay Beach,beaches,Public Beach,West End,$,YES,active,yes,"Beautiful crescent-shaped beach in West End with white sand, turquoise water, an...",yes,no,no,no,,,,,,,,,,,,16.305326,-86.5925,,,,,,,,,,,,,,,,,
b191,West End Beach,beaches,Public Beach,West End,$,no,active,yes,Relaxed beach along the West End strip popular with backpackers and divers. Grea...,yes,no,no,no,,,,,,,,,,,,16.306548,-86.59236,,,,,,,,,,,,,,,,,
b192,Tabyana Beach,beaches,Beach Club,West Bay,$$,no,active,yes,"Rated among the best beaches in the Caribbean with close reef proximity, clear w...",yes,no,no,no,,,,,,,,,,,,16.272309,-86.600281,,,,,,,,,,,,,,,,,
b193,Camp Bay Beach,beaches,Public Beach,Camp Bay,$,no,active,yes,The longest completely natural beach on Roatan at the quiet east end. Stunning v...,yes,no,no,no,,,,,,,,,,,,16.4295,-86.293,,,,,,,,,,,,,,,,,
b194,Sandy Bay Beach,beaches,Public Beach,Sandy Bay,$,no,active,yes,Quiet public beach in the Sandy Bay community with calm waters and a local atmos...,,,,,,,,,,,,,,,,,,,,,,,,,,,,,,,,,,
b195,Beach Club Roatan (Palm Beach),beaches,Beach Club,Johnson Bight,$$,no,active,yes,Spacious beach club with one of the finest white sand beaches on the island. Hor...,yes,no,no,no,,,,,,,,,,,,16.365,-86.457,,,,,,,,,,,,,,,,,
b196,Pristine Bay Beach,beaches,Beach Club,French Harbour,$$,no,active,yes,"Exclusive beach at Pristine Bay with soft white sand, gentle waves, pickleball, ...",,,,,,,,,,,,,,,,,,,,,,,,,,,,,,,,,,
b197,Punta Gorda Beach,beaches,Public Beach,Punta Gorda,$,no,active,yes,Beach near the historic Garifuna village of Punta Gorda with cultural significan...,yes,no,no,no,,,,,,,,,,,,16.4152,-86.3635,,,,,,,,,,,,,,,,,
b198,Big Bight Beach,beaches,Public Beach,Flowers Bay,$,no,active,yes,Hidden local beach at Flowers Bay on the south side with a quiet atmosphere and ...,,,,,,,,,,,,,,,,,,,,,,,,,,,,,,,,,,
b199,Mahogany Bay Beach,beaches,Beach Club,Dixon Cove,$$,no,active,yes,"Manmade beach at the Carnival cruise port with 20 acres to explore, lounge chair...",yes,no,no,no,,,,,,,,,,,,16.327284,-86.497444,,,,,,,,,,,,,,,,,
b200,San Simon Beach Club,beaches,Beach Club,West Bay,$$$,no,active,yes,Upscale beach club in West Bay combining beachside luxury with exquisite dining ...,,,,,,,,,,,,,,,,,,,,,,,,,,,,,,,,,,
