ID,Name,Category,Subcategory,Area,Price Range,isFeatured,Status,Has Insider Tip,Description (first 80 chars),KEEP? (yes/no),FEATURED? (yes/no),INSIDER PICK? (yes/no),BEST OF? (yes/no),Latitude,Longitude,TripAdvisor Rating,TripAdvisor Reviews,Hours,SEO Description,NOTES
b036,BJ's Backyard,eat,Seafood,Oak Ridge,$,no,active,yes,"Over-the-water seafood shack in Oak Ridge, going strong for 35+ years. Conch burgers, garlic-butter shrimp, and ice-cold Salva Vidas served where the shrimping boats dock. Friday afternoon live music. The real, unhurried Roatan.",yes,no,yes,no,16.3800,-86.3700,4.5,50,Daily; Fri live entertainment,"Over-the-water seafood shack in Oak Ridge, going strong for 35+ years. Conch burgers, garlic-butter shrimp, and ice-cold Salva Vidas served where the shrimping boats dock. Friday afternoon live music. The real, unhurried Roatan.",25+ years over the water in Oak Ridge; the real deal
b072,Native Sons Diving,dive,Dive Shop,West End,$$,YES,active,yes,"Founded in 1993 by local dive legend Alvin Jackson — the longest same-owner dive shop on Roatan. Boutique groups on his custom-built 48ft Uba Isti boat, valet diving, and 60+ years of intimate reef knowledge. A spotless safety record and a true island original.",yes,no,yes,no,16.3080,-86.5510,5.0,1200,Daily 8am–5pm,"Founded in 1993 by local dive legend Alvin Jackson — the longest same-owner dive shop on Roatan. Boutique groups on his custom-built 48ft Uba Isti boat, valet diving, and 60+ years of intimate reef knowledge. A spotless safety record and a true island original.",Alvin Jackson — longest same-owner dive shop on island
b005,Anthony's Chicken,eat,Caribbean Fusion,West End,$,no,active,yes,"Rosie's legendary jerk chicken — custom-spiced to your heat level and served with her famous rice and beans. A $7 meal that rivals anything on the island. Cash only, made to order, worth every minute of the wait. A true West End institution.",yes,no,yes,no,16.3090,-86.5520,4.7,465,Daily; hours vary,"Rosie's legendary jerk chicken — custom-spiced to your heat level and served with her famous rice and beans. A $7 meal that rivals anything on the island. Cash only, made to order, worth every minute of the wait. A true West End institution.",Ask for Rosie — she runs the kitchen
b108,Punta Gorda Garifuna Nights,nightlife,Live Music,Punta Gorda,$,no,active,yes,Authentic Garifuna drumming and cultural performances in the traditional village of Punta Gorda. Two-hour shows with traditional dinner under thatch palapas. UNESCO-recognized intangible heritage — a soul-stirring experience you won't find in any resort.,yes,no,yes,no,16.3500,-86.4000,4.5,50,2-hour performances; check schedule,Authentic Garifuna drumming and cultural performances in the traditional village of Punta Gorda. Two-hour shows with traditional dinner under thatch palapas. UNESCO-recognized intangible heritage — a soul-stirring experience you won't find in any resort.,Authentic Garifuna drumming; cultural treasure
b118,Roatan Chocolate Factory,tours,Food Tour,West End,$,no,active,yes,"Bean-to-bar chocolate tour using 100% organic Honduran cacao. Watch the full process, sample 12 varieties, or take a hands-on chocolate-making class. Founded 2010 on West End's main street — sweet, educational, and uniquely Roatan.",yes,no,yes,no,16.3090,-86.5520,4.8,300,Daily 8am–5pm; Classes start 2pm,"Bean-to-bar chocolate tour using 100% organic Honduran cacao. Watch the full process, sample 12 varieties, or take a hands-on chocolate-making class. Founded 2010 on West End's main street — sweet, educational, and uniquely Roatan.",Bean-to-bar tour with Honduran cacao
b135,Rusty Fish Recycled Island Art,shop,Art Gallery,West End,$$,no,active,yes,"Beautiful art made from ocean debris and recycled materials collected around Roatan. Founded by Adam Hunt, benefiting 60 local families. Metal pieces, mosaics, and windchimes — each one unique, meaningful, and impossible to find anywhere else.",yes,no,yes,no,16.3065,-86.5895,4.5,300,Daily,"Beautiful art made from ocean debris and recycled materials collected around Roatan. Founded by Adam Hunt, benefiting 60 local families. Metal pieces, mosaics, and windchimes — each one unique, meaningful, and impossible to find anywhere else.",Beautiful art made from ocean debris and recycled materials
b098,RoaCrawl Bar Crawl,nightlife,Night Club,West End,$,no,active,yes,"Organized bar crawl through West End's best nightlife spots with guides, drink specials at each stop, and round-trip transport. Hits Frank's, Booty Bar, and more. $169/person for the ultimate insider's night out — the fastest way to experience it all.",yes,no,yes,no,16.3090,-86.5520,4.5,50,6-hour guided crawl; evenings,"Organized bar crawl through West End's best nightlife spots with guides, drink specials at each stop, and round-trip transport. Hits Frank's, Booty Bar, and more. $169/person for the ultimate insider's night out — the fastest way to experience it all.",Best way to experience West End nightlife in one night
b065,Paya Bay Beach Bar,drink,Beach Bar,Camp Bay,$$,no,active,yes,"Secluded bohemian beach bar at the island's quiet east end, perched on a bluff above Bliss Beach. 24-hour bar, pristine sand, zero crowds, and a clothing-optional vibe that's not for everyone — but unforgettable if it's your scene.",yes,no,no,no,16.4000,-86.3200,4.6,100,24-hour bar,"Secluded bohemian beach bar at the island's quiet east end, perched on a bluff above Bliss Beach. 24-hour bar, pristine sand, zero crowds, and a clothing-optional vibe that's not for everyone — but unforgettable if it's your scene.",Clothing-optional bohemian vibe; not for everyone
b076,Dockside Dive Center,dive,Dive Shop,French Harbour,$$,no,active,yes,Full-service PADI 5-Star dive center at CoCo View Resort offering world-class wa...,no,no,no,no,,,,,,,CoCo View Resort already listed in Stay category
b197,Punta Gorda Beach,beaches,Public Beach,Punta Gorda,$,no,active,yes,"Beach at Honduras' oldest Garifuna settlement, founded ~1797. Cultural significance meets Caribbean sand. Traditional huts, drum ceremonies, and yucca bread alongside gentle waves. A living connection to Roatan's Afro-Caribbean heritage — not just a beach, a story.",yes,no,no,no,16.4120,-86.3733,4.0,50,Open 24/7,"Beach at Honduras' oldest Garifuna settlement, founded ~1797. Cultural significance meets Caribbean sand. Traditional huts, drum ceremonies, and yucca bread alongside gentle waves. A living connection to Roatan's Afro-Caribbean heritage — not just a beach, a story.",Cultural significance — oldest Garifuna settlement in Honduras
b081,Deep Blue Freediving,dive,Freediving,West End,$$,no,active,yes,"Explore Roatan's reef on a single breath. Professional PADI and Apnea Total freediving instruction from beginner to master level. Warm crystal-clear water, great depths close to shore, and zero currents — ideal conditions for the ultimate underwater experience.",yes,no,no,no,16.3065,-86.5890,5.0,50,Daily by appointment,"Explore Roatan's reef on a single breath. Professional PADI and Apnea Total freediving instruction from beginner to master level. Warm crystal-clear water, great depths close to shore, and zero currents — ideal conditions for the ultimate underwater experience.",Explore the reef on a single breath — unique experience
b009,Mila del Mar,eat,Fine Dining,West End,$$$,YES,active,yes,"Ranked #3 restaurant in West End on TripAdvisor. Upscale Caribbean dining on the second floor of The Beach House with unobstructed Half Moon Bay views. Locally caught fish, craft cocktails, and warm candlelit ambiance — pure island elegance.",yes,no,no,no,16.3060,-86.5900,4.9,238,Breakfast 7–10:30am; Dinner noon–9pm daily,"Ranked #3 restaurant in West End on TripAdvisor. Upscale Caribbean dining on the second floor of The Beach House with unobstructed Half Moon Bay views. Locally caught fish, craft cocktails, and warm candlelit ambiance — pure island elegance.",Half Moon Bay views; upscale Beach House dining
b029,The Sunken Fish at Tranquilseas,eat,Seafood,Sandy Bay,$$,no,active,yes,"Sandy Bay's #1 restaurant, hidden inside the Tranquilseas Eco Lodge. Three-course dinner with house wine for just $15. Sustainable seafood, rooftop sunset views, and a rustic Honduran vibe that makes you never want to leave.",yes,no,yes,no,16.3200,-86.5650,4.8,349,Daily; 3-course dinner with wine $15,"Sandy Bay's #1 restaurant, hidden inside the Tranquilseas Eco Lodge. Three-course dinner with house wine for just $15. Sustainable seafood, rooftop sunset views, and a rustic Honduran vibe that makes you never want to leave.",Hidden gem at eco lodge; worth the trip to Sandy Bay
b133,Coxen Hole Municipal Market,shop,Market,Coxen Hole,$,no,active,yes,"The real local market in Coxen Hole — fresh produce, Garifuna crafts, Lenca pottery, and street food. Recently upgraded with modern facilities and organized stalls. Skip the cruise port shops and come here for authentic Honduran goods at local prices.",yes,no,yes,no,16.3240,-86.5355,,,Daily; morning hours best,"The real local market in Coxen Hole — fresh produce, Garifuna crafts, Lenca pottery, and street food. Recently upgraded with modern facilities and organized stalls. Skip the cruise port shops and come here for authentic Honduran goods at local prices.","Lenca pottery, Garifuna crafts — the real local shopping"
b193,Camp Bay Beach,beaches,Public Beach,Camp Bay,$,no,active,yes,"The longest completely natural beach on Roatan — 2.5 miles of pristine white sand on the quiet northeast coast. Gentle waves, zero crowds, and untouched beauty. Bring your own everything. The island's best-kept secret for tranquility seekers.",yes,no,no,no,16.4000,-86.3100,4.5,100,Open 24/7; free admission,"The longest completely natural beach on Roatan — 2.5 miles of pristine white sand on the quiet northeast coast. Gentle waves, zero crowds, and untouched beauty. Bring your own everything. The island's best-kept secret for tranquility seekers.",Longest natural beach on Roatan; remote and pristine
b199,Mahogany Bay Beach,beaches,Beach Club,Dixon Cove,$$,no,active,yes,"Manmade beach at the Carnival cruise port with 20 acres to explore, lounge chair...",no,no,no,no,,,,,,,Manmade cruise port beach; not authentic
b058,Roatan Island Brewing Co.,drink,Brewery,Palmetto Bay,$$,no,active,yes,"Roatan's only craft brewery, tucked in lush Palmetto Bay valley. Tropical ales, lagers, apple cider, kombucha, and gluten-free options. Nature trails, foosball, ping pong, fire pit, and cold pints — worth the drive off the beaten path.",yes,no,yes,no,16.3500,-86.4800,4.5,50,Wed–Sun 11am–5pm; Closed Mon–Tue,"Roatan's only craft brewery, tucked in lush Palmetto Bay valley. Tropical ales, lagers, apple cider, kombucha, and gluten-free options. Nature trails, foosball, ping pong, fire pit, and cold pints — worth the drive off the beaten path.",Only craft brewery on the island; Palmetto Bay location
b088,Infinity Bay Dive Center,dive,Dive Shop,West Bay,$$,no,active,yes,Dive shop at Infinity Bay Resort providing easy access to West Bay's renowned re...,no,no,no,no,,,,,,,Resort dive center at Infinity Bay
b085,Mayan Divers at Mayan Princess,dive,Dive Shop,West Bay,$$,no,active,yes,Dive shop at the Mayan Princess Resort offering convenient reef access and PADI ...,no,no,no,no,,,,,,,Resort dive center at Mayan Princess
b082,Bananarama Dive Center,dive,Dive Shop,West Bay,$$,no,active,yes,Dive center at Bananarama Resort on West Bay Beach offering easy shore diving an...,no,no,no,no,,,,,,,Resort dive center; Bananarama listed in Stay
b083,Paradise Beach Dive Center,dive,Dive Shop,West Bay,$$,no,active,yes,PADI 5-Star Instructor Development Center at Paradise Beach Hotel on West Bay Be...,no,no,no,no,,,,,,,Resort dive center; not distinctive standalone
b168,Camp Bay Eco Lodge,stay,Eco Lodge,Camp Bay,$,no,active,yes,"Remote eco-lodge on Roatan's quiet east end — solar-powered, beachfront, and surrounded by wild horses, birds, and iguanas. The island's best kitesurfing, fly fishing for bonefish and tarpon, and pristine reef snorkeling. From $120/night. Truly off the grid.",yes,no,no,no,16.4000,-86.3200,4.0,221,24/7; arrive before 3pm,"Remote eco-lodge on Roatan's quiet east end — solar-powered, beachfront, and surrounded by wild horses, birds, and iguanas. The island's best kitesurfing, fly fishing for bonefish and tarpon, and pristine reef snorkeling. From $120/night. Truly off the grid.",Solar-powered eco lodge; truly off the grid
b004,Calelu's,eat,Street Food,West End,$,no,active,yes,"The baleada stand West End locals swear by. Giant fresh flour tortillas stuffed to order for under $2, plus a daily $6 lunch plate with meat, plantains, rice, and salad. Ocean-view patio upstairs — bring cash and an appetite.",yes,no,yes,no,16.3095,-86.5510,4.0,377,Daily lunch & dinner,"The baleada stand West End locals swear by. Giant fresh flour tortillas stuffed to order for under $2, plus a daily $6 lunch plate with meat, plantains, rice, and salad. Ocean-view patio upstairs — bring cash and an appetite.",THE baleada stand — locals-only vibe
b089,Oak Ridge Snorkel Adventure,dive,Snorkel Tour,Oak Ridge,$,no,active,yes,"Guided snorkel tours through the magical mangrove tunnels and reefs around Oak Ridge — Roatan's 'Venice.' See incredible birdlife, stilt houses, and untouched reef systems. Nothing else like it on the island. A true hidden gem.",yes,no,yes,no,16.3800,-86.3700,4.5,50,Daily by arrangement,"Guided snorkel tours through the magical mangrove tunnels and reefs around Oak Ridge — Roatan's 'Venice.' See incredible birdlife, stilt houses, and untouched reef systems. Nothing else like it on the island. A true hidden gem.",Unique mangrove channel snorkeling; nothing else like it
b022,Ibagari Sea Salt Restaurant,eat,Fine Dining,West Bay,$$$,no,active,yes,West Bay's #1-ranked restaurant on TripAdvisor. Chef Rick Zachrisson serves USDA Prime beef and fresh-caught fish in an intimate oceanfront setting at Ibagari Boutique Hotel. The lobster ravioli and limoncello tiramisu are legendary.,yes,no,no,no,16.2790,-86.5965,4.8,200,Daily 4:30pm–10pm; Closed Mon,West Bay's #1-ranked restaurant on TripAdvisor. Chef Rick Zachrisson serves USDA Prime beef and fresh-caught fish in an intimate oceanfront setting at Ibagari Boutique Hotel. The lobster ravioli and limoncello tiramisu are legendary.,USDA Prime beef on a Caribbean island — surprisingly excellent
b146,West Bay Beach Gift Shop,shop,Gift Shop,West Bay,$,no,active,yes,"Beachside souvenir shop with t-shirts, magnets, postcards, and beach accessories...",no,no,no,no,,,,,,,Very generic name; likely souvenir stand
b054,Coconut Bar,drink,Local Bar,Coxen Hole,$,no,active,yes,"Where Coxen Hole locals actually drink. Cold beer, local rum, no tourists, no pretense. If you want to experience real island life beyond the resorts, pull up a stool at this no-frills neighborhood bar.",yes,no,yes,no,16.3240,-86.5350,,,Daily,"Where Coxen Hole locals actually drink. Cold beer, local rum, no tourists, no pretense. If you want to experience real island life beyond the resorts, pull up a stool at this no-frills neighborhood bar.",Where Coxen Hole locals actually drink
b161,Anthony's Key Resort,stay,Resort,Sandy Bay,$$,YES,active,yes,"Iconic Sandy Bay resort since 1968 — waterfront bungalows, PADI 5-Star dive center, and Atlantic bottlenose dolphin encounters in a natural lagoon. Kayaks, paddleboards, horseback riding, and three daily meals included. Staff remembers your name.",yes,yes,no,no,16.3257,-86.5723,4.0,1623,24/7,"Iconic Sandy Bay resort since 1968 — waterfront bungalows, PADI 5-Star dive center, and Atlantic bottlenose dolphin encounters in a natural lagoon. Kayaks, paddleboards, horseback riding, and three daily meals included. Staff remembers your name.",
b086,Anthony's Key Resort Dive Center,dive,Dive Shop,Sandy Bay,$$,YES,active,yes,"Full-service PADI 5-Star IDC dive resort with Roatan's famous dolphin dive encounters. Atlantic bottlenose dolphins in a natural lagoon, world-class reef diving minutes away, and 50+ years of diving heritage at this iconic Sandy Bay resort.",yes,yes,no,no,16.3257,-86.5723,4.5,1623,Daily; Mon–Fri office 9am–5pm EST,"Full-service PADI 5-Star IDC dive resort with Roatan's famous dolphin dive encounters. Atlantic bottlenose dolphins in a natural lagoon, world-class reef diving minutes away, and 50+ years of diving heritage at this iconic Sandy Bay resort.",
b154,Arca Roatan,stay,Resort,West Bay,$$$,no,active,yes,"Intimate luxury boutique with only 16 oceanfront rooms — each with king bed, indoor/outdoor showers, and private terrace. Saltwater pool, beachfront restaurant Ahari, and full concierge. Ranked #4 hotel in Bay Islands on TripAdvisor.",yes,no,no,no,16.2785,-86.5968,4.0,111,24/7; Restaurant 7am–9pm,"Intimate luxury boutique with only 16 oceanfront rooms — each with king bed, indoor/outdoor showers, and private terrace. Saltwater pool, beachfront restaurant Ahari, and full concierge. Ranked #4 hotel in Bay Islands on TripAdvisor.",
b155,Bananarama Dive Resort,stay,Dive Resort,West Bay,$,no,active,yes,"Budget-friendly beachfront dive resort on West Bay Beach with hammocks on every porch, free breakfast, and a PADI dive center. Day passes just $30. The social hub where divers, backpackers, and sun-seekers converge. From $99/night.",yes,no,no,no,16.2775,-86.5975,4.0,500,24/7,"Budget-friendly beachfront dive resort on West Bay Beach with hammocks on every porch, free breakfast, and a PADI dive center. Day passes just $30. The social hub where divers, backpackers, and sun-seekers converge. From $99/night.",
b045,Bariloche,drink,Wine Bar,West End,$$,no,active,yes,"New wine bar and steakhouse with generous grilled meat platters perfect for sharing. Live music Wednesday and Friday nights, plus a beach bar out front for sunset cocktails. West End's newest chill-and-grill spot.",yes,no,no,no,16.3091,-86.5519,,,Daily; live music Wed & Fri,"New wine bar and steakhouse with generous grilled meat platters perfect for sharing. Live music Wednesday and Friday nights, plus a beach bar out front for sunset cocktails. West End's newest chill-and-grill spot.",
b195,Beach Club Roatan (Palm Beach),beaches,Beach Club,Johnson Bight,$$,no,active,yes,"Spacious 150,000 sq ft private beach club on the north shore at Johnson Bight. Horseback riding, snorkeling, jet skiing, kayaking, and Lionfish Louie's restaurant. Day passes include roundtrip transport from cruise ports. 1.5 miles from Mahogany Bay.",yes,no,no,no,16.3600,-86.4600,4.0,100,Daily; day passes available,"Spacious 150,000 sq ft private beach club on the north shore at Johnson Bight. Horseback riding, snorkeling, jet skiing, kayaking, and Lionfish Louie's restaurant. Day passes include roundtrip transport from cruise ports. 1.5 miles from Mahogany Bay.",
b049,Beachers Bar & Grill,drink,Beach Bar,West Bay,$$,YES,active,yes,"Family-run for 15+ years, directly on the white sand of West Bay Beach. The island's longest happy hour (10am–6pm, 2-for-1 cocktails), famous coconut shrimp, and Monday lobster specials — 3 tails for ~$20. Chairs, sun, cold drinks, paradise.",yes,yes,no,yes,16.2770,-86.5980,4.3,350,Mon–Fri 9am–10pm; Sat–Sun 10am–10pm; Happy Hour 10am–6pm,"Family-run for 15+ years, directly on the white sand of West Bay Beach. The island's longest happy hour (10am–6pm, 2-for-1 cocktails), famous coconut shrimp, and Monday lobster specials — 3 tails for ~$20. Chairs, sun, cold drinks, paradise.",
b104,Beachers Sunday Funday,nightlife,Beach Party,West Bay,$,no,active,yes,"Legendary Sunday day-party at Beachers on West Bay Beach. 2-for-1 drinks all day, live music, beach games, and the whole island shows up. The perfect way to close out your week in paradise.",yes,no,no,no,16.2770,-86.5980,4.3,350,Sundays all day,"Legendary Sunday day-party at Beachers on West Bay Beach. 2-for-1 drinks all day, live music, beach games, and the whole island shows up. The perfect way to close out your week in paradise.",
b010,Blue Elephant Thai,eat,Asian,West End,$$,no,active,yes,"Surprisingly authentic Thai cuisine overlooking the bay in West End. Two floors of seating plus waterfront tables. Pad thai, green curry, and spicy noodle dishes served with 16+ years of culinary expertise. A welcome change from Caribbean fare.",yes,no,no,no,16.3085,-86.5515,4.6,261,Tue–Sun 11am–9:30pm,"Surprisingly authentic Thai cuisine overlooking the bay in West End. Two floors of seating plus waterfront tables. Pad thai, green curry, and spicy noodle dishes served with 16+ years of culinary expertise. A welcome change from Caribbean fare.",
b046,Blue Marlin,drink,Party Bar,West End,$,YES,active,yes,"Roatan's most popular dance club, completely refurbished in 2022. Legendary Thursday karaoke, Saturday trivia nights, and a pumping dance floor with generous rum punches. Breakfast by day, mayhem by night — a true West End tradition.",yes,yes,no,no,16.3097,-86.5513,4.3,275,"Daily 8am–late; Thu karaoke, Sat trivia","Roatan's most popular dance club, completely refurbished in 2022. Legendary Thursday karaoke, Saturday trivia nights, and a pumping dance floor with generous rum punches. Breakfast by day, mayhem by night — a true West End tradition.",
b091,Blue Marlin Night Club,nightlife,Night Club,West End,$,YES,active,yes,"Roatan's biggest and loudest dance club — DJs spinning until 3am, a pumping dance floor, and generously poured rum punches. The go-to spot for a proper night out in West End. Thursday karaoke and Saturday trivia are legendary.",yes,no,no,yes,16.3097,-86.5513,4.5,275,Daily until 3am,"Roatan's biggest and loudest dance club — DJs spinning until 3am, a pumping dance floor, and generously poured rum punches. The go-to spot for a proper night out in West End. Thursday karaoke and Saturday trivia are legendary.",
b111,Bodden Tours,tours,Island Tour,Coxen Hole,$$,YES,active,yes,"The original Best of Roatan tour operator since 2003. Native guide Victor Bodden offers private island tours, Zip-n-Dip excursions, snorkel trips, ATV adventures, and wheelchair-accessible tours. From $30/person — nobody knows this island better.",yes,yes,no,yes,16.3240,-86.5350,4.8,500,Daily; flexible scheduling,"The original Best of Roatan tour operator since 2003. Native guide Victor Bodden offers private island tours, Zip-n-Dip excursions, snorkel trips, ATV adventures, and wheelchair-accessible tours. From $30/person — nobody knows this island better.",
b042,Booty Bar,drink,Party Bar,West End,$,no,active,yes,"Waterfront bar by day, pumping nightclub after dark. Two buildings over the water with DJs, light shows, and Caribbean cocktails. West End's go-to spot when you want to dance with your feet in the sand.",yes,no,no,no,16.3098,-86.5512,4.0,95,Mon–Thu 7:30am–10pm; Fri–Sun 7:30am–late,"Waterfront bar by day, pumping nightclub after dark. Two buildings over the water with DJs, light shows, and Caribbean cocktails. West End's go-to spot when you want to dance with your feet in the sand.",
b013,Cafe de Palo,eat,Cafe,West End,$,no,active,yes,"Hidden coffee gem in Mangrove Bight with three gorgeous seating areas — including a covered dock on the water with couches. Espresso, fresh pastries, all-day brunch, and cocktails. An escape from the West End crowds.",yes,no,no,no,16.3110,-86.5480,4.4,51,Wed–Mon 7am–6pm; Closed Tue,"Hidden coffee gem in Mangrove Bight with three gorgeous seating areas — including a covered dock on the water with couches. Espresso, fresh pastries, all-day brunch, and cocktails. An escape from the West End crowds.",
b002,Cannibal Cafe,eat,Mexican,West End,$,no,active,yes,"Best Mexican food on Roatan since 1996. Home of the legendary Big Kahuna Burrito, lionfish tacos, and a DIY salsa bar with custom spice levels. Huge portions, tiny prices — locals and divers pack this two-story West End spot nightly.",yes,no,no,no,16.3100,-86.5500,4.4,624,Mon–Sat 7am–10pm; Closed Sun,"Best Mexican food on Roatan since 1996. Home of the legendary Big Kahuna Burrito, lionfish tacos, and a DIY salsa bar with custom spice levels. Huge portions, tiny prices — locals and divers pack this two-story West End spot nightly.",
b169,Captain Van's Rentals,rentals,Scooter Rental,West Bay,$,YES,active,yes,"Roatan's most popular scooter and motorcycle rental since 1997. Yamaha 115cc scooters from $35/day, 155cc from $55/day, plus Honda motorcycles and bicycles. West Bay Mall location. Must be 18+ with valid license and riding experience.",yes,no,no,yes,16.2790,-86.5965,4.5,200,Daily,"Roatan's most popular scooter and motorcycle rental since 1997. Yamaha 115cc scooters from $35/day, 155cc from $55/day, plus Honda motorcycles and bicycles. West Bay Mall location. Must be 18+ with valid license and riding experience.",
b141,Caribbean Cigar Co.,shop,Cigar Shop,West Bay,$$,no,active,yes,"Hand-rolled Honduran cigars in a relaxed West Bay lounge. Premium Cuban and Honduran selections, comfortable seating, and ocean breezes. The perfect post-dinner ritual for cigar lovers on vacation.",yes,no,no,no,16.2790,-86.5965,,,Daily,"Hand-rolled Honduran cigars in a relaxed West Bay lounge. Premium Cuban and Honduran selections, comfortable seating, and ocean breezes. The perfect post-dinner ritual for cigar lovers on vacation.",
b026,Celeste's Island Cuisine,eat,Seafood,West Bay,$$,no,active,yes,Award-winning West Bay seafood restaurant with the best lobster tail on the island and jumbo coconut shrimp. Wednesday all-you-can-eat lobster special is unmissable. Rescued parrots roam the garden. Outdoor romance meets Caribbean flavor.,yes,no,no,no,16.2810,-86.5950,4.5,856,Daily lunch & dinner; Wed all-you-can-eat lobster,Award-winning West Bay seafood restaurant with the best lobster tail on the island and jumbo coconut shrimp. Wednesday all-you-can-eat lobster special is unmissable. Rescued parrots roam the garden. Outdoor romance meets Caribbean flavor.,
b165,CoCo View Resort,stay,Dive Resort,French Harbour,$$,no,active,yes,"Legendary south shore dive resort — the most returned-to in the world. Shore diving 24/7, 150+ dive sites, Mary's Place (voted Best Dive Site 2018), and the Prince Albert wreck. Custom 50-foot boats and a PADI 5-Star dive shop.",yes,no,no,no,16.3350,-86.5150,4.0,717,24/7,"Legendary south shore dive resort — the most returned-to in the world. Shore diving 24/7, 150+ dive sites, Mary's Place (voted Best Dive Site 2018), and the Prince Albert wreck. Custom 50-foot boats and a PADI 5-Star dive shop.",
b066,Coconut Tree Divers,dive,Dive Shop,West End,$$,YES,active,yes,"PADI 5-Star Instructor Development Center and Roatan's only TEC Diving Center. IDC, rebreather, sidemount, and divemaster internship programs with 40+ years combined experience. Half Moon Bay's premier dive operation.",yes,yes,no,yes,16.3060,-86.5890,4.8,1320,"Daily 8am–8pm; Morning boat 9am, Afternoon 1pm & 2:30pm","PADI 5-Star Instructor Development Center and Roatan's only TEC Diving Center. IDC, rebreather, sidemount, and divemaster internship programs with 40+ years combined experience. Half Moon Bay's premier dive operation.",
b011,Crisp Roatan,eat,Cafe,West End,$,no,active,yes,"Roatan's go-to for fresh poke bowls, colorful salads, and cold-pressed juices in an Instagram-worthy setting. AC, WiFi, and vegan-friendly options make this cheerful West End cafe the perfect healthy lunch break between dives.",yes,no,no,no,16.3088,-86.5518,5.0,50,Mon–Sat 10:30am–6pm; Closed Sun,"Roatan's go-to for fresh poke bowls, colorful salads, and cold-pressed juices in an Instagram-worthy setting. AC, WiFi, and vegan-friendly options make this cheerful West End cafe the perfect healthy lunch break between dives.",
b113,Daniel Johnson's Monkey & Sloth Hangout,tours,Nature Park,French Harbour,$$,YES,active,yes,"Beloved animal sanctuary in French Cay where you can hold sloths, play with capuchin monkeys, and meet scarlet macaws up close. A rescue and rehabilitation center with respectful, personal animal encounters — the island's most heartwarming experience.",yes,yes,no,no,16.3400,-86.5100,4.8,1000,Mon–Fri 9am–3pm; Sat 9am–1pm; Closed Sun,"Beloved animal sanctuary in French Cay where you can hold sloths, play with capuchin monkeys, and meet scarlet macaws up close. A rescue and rehabilitation center with respectful, personal animal encounters — the island's most heartwarming experience.",
b028,Dragonfly Sushi & Fusion,eat,Asian,Sandy Bay,$$,no,active,yes,"Fresh, creative sushi and Asian fusion at Coral Stone Plaza in Sandy Bay. Beautiful murals, full bar, and daily specials. Caribbean-Asian flavors meet affordable prices — a newer spot that's quickly earning a loyal following.",yes,no,no,no,16.3150,-86.5700,4.7,7,Mon–Fri 12–3pm & 5–9pm,"Fresh, creative sushi and Asian fusion at Coral Stone Plaza in Sandy Bay. Beautiful murals, full bar, and daily specials. Caribbean-Asian flavors meet affordable prices — a newer spot that's quickly earning a loyal following.",
b139,Driftwood Designs,shop,Home Decor,West End,$$,no,active,yes,"Handcrafted home decor and gifts made from local driftwood, shells, and natural materials. A West End treasure trove of island-made items you won't find at the cruise port. Perfect for a meaningful souvenir.",yes,no,no,no,16.3085,-86.5522,,,Daily,"Handcrafted home decor and gifts made from local driftwood, shells, and natural materials. A West End treasure trove of island-made items you won't find at the cruise port. Perfect for a meaningful souvenir.",
b047,Eagle Ray's Bar,drink,Dive Bar,West End,$,no,active,yes,"Laid-back waterfront dive bar built out over the Caribbean, popular with expats and the diver crowd. Cold beers, excellent fish tacos, and a fish soup loaded with crab and lobster. No frills, just good vibes and ocean breezes.",yes,no,no,no,16.3070,-86.5900,3.5,100,Daily; hours vary,"Laid-back waterfront dive bar built out over the Caribbean, popular with expats and the diver crowd. Cold beers, excellent fish tacos, and a fish soup loaded with crab and lobster. No frills, just good vibes and ocean breezes.",
b043,Frank's,drink,Party Bar,West End,$,no,active,yes,"Late-night West End institution with a cigar lounge, outdoor dance floor between two buildings, and premium Cuban and Honduran cigars. Excellent cocktails flow until the last person leaves. The place to end your night in West End.",yes,no,no,no,16.3095,-86.5515,4.0,70,Daily noon–late,"Late-night West End institution with a cigar lounge, outdoor dance floor between two buildings, and premium Cuban and Honduran cigars. Excellent cocktails flow until the last person leaves. The place to end your night in West End.",
b033,Gio's Restaurant,eat,Seafood,French Harbour,$$$,YES,active,yes,"World-renowned French Harbour landmark since 1994. Pioneer of the Spiny Caribbean King Crab dish and winner of Honduras' Top 30 Touristic Marvels award. Fresh seafood, Italian classics, and private waterfront dining at a Roatan institution.",yes,yes,no,yes,16.3350,-86.5150,4.3,590,Daily lunch & dinner,"World-renowned French Harbour landmark since 1994. Pioneer of the Spiny Caribbean King Crab dish and winner of Honduras' Top 30 Touristic Marvels award. Fresh seafood, Italian classics, and private waterfront dining at a Roatan institution.",
b112,Gumbalimba Park,tours,Nature Park,West Bay,$$,YES,active,yes,"20-acre beachfront nature park in West Bay with Capuchin monkeys, macaws, exotic birds, a cave tour, and a 12-cable zipline course with suspension bridges. Immaculate grounds and experienced guides make this Roatan's must-visit family attraction.",yes,yes,no,no,16.2800,-86.5960,4.5,1525,Daily 8am–4pm,"20-acre beachfront nature park in West Bay with Capuchin monkeys, macaws, exotic birds, a cave tour, and a 12-cable zipline course with suspension bridges. Immaculate grounds and experienced guides make this Roatan's must-visit family attraction.",
b190,Half Moon Bay Beach,beaches,Public Beach,West End,$,YES,active,yes,"Beautiful crescent-shaped beach in the heart of West End with white sand, turquoise water, and reef snorkeling right from shore. Palm-fringed, calm, and walkable from every bar and dive shop in the village. The quintessential West End experience.",yes,no,no,no,16.3050,-86.5900,4.5,500,Open 24/7,"Beautiful crescent-shaped beach in the heart of West End with white sand, turquoise water, and reef snorkeling right from shore. Palm-fringed, calm, and walkable from every bar and dive shop in the village. The quintessential West End experience.",
b023,Hangover Hut,eat,Cafe,West Bay,$,no,active,yes,"Canadian-run West Bay beachfront spot famous for real-deal poutine, USDA burgers, donairs, and Philly cheese chicken. Live entertainment nightly. Comfort food done right on the Caribbean sand — because sometimes you need gravy with your ocean view.",yes,no,no,no,16.2785,-86.5968,4.7,487,Daily; hours vary,"Canadian-run West Bay beachfront spot famous for real-deal poutine, USDA burgers, donairs, and Philly cheese chicken. Live entertainment nightly. Comfort food done right on the Caribbean sand — because sometimes you need gravy with your ocean view.",
b035,Herby's Sports Bar & Grill,eat,American,French Harbour,$$,no,active,yes,"Arguably the best sports bar in Honduras. 34 HD TVs, a 10-foot screen, sports memorabilia museum, and a suspended scoreboard — all inside the Clarion Suites. Wings, pizza from $6, and ice-cold beers. NFL Sundays are electric.",yes,no,no,no,16.3345,-86.5155,4.1,334,Daily; game nights,"Arguably the best sports bar in Honduras. 34 HD TVs, a 10-foot screen, sports memorabilia museum, and a suspended scoreboard — all inside the Clarion Suites. Wings, pizza from $6, and ice-cold beers. NFL Sundays are electric.",
b148,Honduras Coffee Co.,shop,Gift Shop,West End,$,no,active,yes,"Premium Honduran single-origin coffee beans, gift sets, and brewing gear. Tours on coffee growing, harvesting, and roasting. Take home the taste of Honduras — some of the best specialty coffee in Central America, direct from the source.",yes,no,no,no,16.3086,-86.5521,,,Daily,"Premium Honduran single-origin coffee beans, gift sets, and brewing gear. Tours on coffee growing, harvesting, and roasting. Take home the taste of Honduras — some of the best specialty coffee in Central America, direct from the source.",
b122,Horseback Riding Roatan,tours,Horseback Riding,Sandy Bay,$$,no,active,yes,"Beach horseback riding along Sandy Bay's scenic shores with mangrove and ironshore views. Walk, trot, or gallop over secluded sand with the Caribbean on one side and palms on the other. From $55/person — perfect for first-timers and experienced riders.",yes,no,no,no,16.3200,-86.5650,4.5,100,Daily 1-hour rides; book ahead,"Beach horseback riding along Sandy Bay's scenic shores with mangrove and ironshore views. Walk, trot, or gallop over secluded sand with the Caribbean on one side and palms on the other. From $55/person — perfect for first-timers and experienced riders.",
b096,Infinity Bay Beach Party,nightlife,Beach Party,West Bay,$$,no,active,yes,"Sunday beach parties at Infinity Bay Resort with live bands, DJs spinning reggae and pop, dancing on the sand, and tropical cocktails. Day passes from $60 include beach access, showers, and WiFi. West Bay's best weekend scene.",yes,no,no,no,16.2770,-86.5980,,,Sunday afternoons,"Sunday beach parties at Infinity Bay Resort with live bands, DJs spinning reggae and pop, dancing on the sand, and tropical cocktails. Day passes from $60 include beach access, showers, and WiFi. West Bay's best weekend scene.",
b151,Infinity Bay Resort,stay,Resort,West Bay,$$$,YES,active,yes,"Premier West Bay resort with beachfront condos, multiple pools, a full dive center, and direct snorkeling from shore — swim with sea turtles steps from your room. Free breakfast, complimentary kayaks, and the island's most famous beach at your doorstep.",yes,yes,no,yes,16.2770,-86.5980,4.0,1013,24/7; Check-in 3pm,"Premier West Bay resort with beachfront condos, multiple pools, a full dive center, and direct snorkeling from shore — swim with sea turtles steps from your room. Free breakfast, complimentary kayaks, and the island's most famous beach at your doorstep.",
b079,Island Snorkel Tours,dive,Snorkel Tour,West Bay,$,no,active,yes,"Guided snorkel tours exploring the reef right off West Bay Beach — no diving experience needed. Tropical fish, sea turtles, eagle rays, and vibrant coral just 30 feet from shore. The easiest way to see Roatan's underwater world.",yes,no,no,no,16.2780,-86.5970,4.5,100,Daily,"Guided snorkel tours exploring the reef right off West Bay Beach — no diving experience needed. Tropical fish, sea turtles, eagle rays, and vibrant coral just 30 feet from shore. The easiest way to see Roatan's underwater world.",
b153,Kimpton Grand Roatan,stay,Hotel,West Bay,$$$,YES,active,yes,"West Bay's most upscale hotel — 122 rooms, four world-class restaurants, a tranquil spa, and a beachside infinity pool on the world's second-largest barrier reef. Couples rate it 9.4/10. Modern luxury meets Caribbean soul. From $181/night.",yes,yes,no,no,16.2780,-86.5970,4.0,1507,"24/7; Check-in 3pm, Check-out 11am","West Bay's most upscale hotel — 122 rooms, four world-class restaurants, a tranquil spa, and a beachside infinity pool on the world's second-largest barrier reef. Couples rate it 9.4/10. Modern luxury meets Caribbean soul. From $181/night.",
b024,La Placita,eat,Street Food,West Bay,$,no,active,yes,"Open-air collection of food stands in West Bay offering everything from pupusas to tacos to gelato. Multiple vendors, rock-bottom prices, and the casual street food vibe that makes Honduran eating so special. Perfect for a quick, cheap, authentic bite.",yes,no,no,no,16.2800,-86.5955,,,Daily; hours vary by vendor,"Open-air collection of food stands in West Bay offering everything from pupusas to tacos to gelato. Multiple vendors, rock-bottom prices, and the casual street food vibe that makes Honduran eating so special. Perfect for a quick, cheap, authentic bite.",
b127,Little French Key,tours,Boat Tour,French Harbour,$$$,YES,active,yes,"TripAdvisor's #1-ranked attraction in Roatan. Private island paradise with white sand, in-water palapa tables, a mini zoo, snorkeling, and the underwater Mayatlantis museum. Zero carbon footprint — wind power, rainwater collection. From $118 including lunch, drinks, and transport.",yes,yes,no,no,16.3300,-86.5200,4.8,2000,Daily; 3–5 min boat ride from French Harbour,"TripAdvisor's #1-ranked attraction in Roatan. Private island paradise with white sand, in-water palapa tables, a mini zoo, snorkeling, and the underwater Mayatlantis museum. Zero carbon footprint — wind power, rainwater collection. From $118 including lunch, drinks, and transport.",
b131,Macaw Container Market,shop,Market,French Harbour,$,YES,active,yes,"Vibrant shopping village built from recycled shipping containers, 200m east of the airport. Locally made crafts, a brewery, chocolate factory, coffee shop, restaurants, and a liquor store — all supporting Honduran artisans. Free admission, unique vibe.",yes,yes,no,yes,16.3200,-86.5235,4.0,7,Daily 9am–10pm,"Vibrant shopping village built from recycled shipping containers, 200m east of the airport. Locally made crafts, a brewery, chocolate factory, coffee shop, restaurants, and a liquor store — all supporting Honduran artisans. Free admission, unique vibe.",
b120,Mangrove Kayak Tours,tours,Kayak Tour,Oak Ridge,$,no,active,yes,"Guided kayak tours through the magical mangrove tunnels of Oak Ridge, Roatan's 'Venice.' Paddle past stilt houses, spot incredible birdlife, and explore untouched waterways. Life jackets and snorkel gear included. A peaceful adventure off the tourist trail.",yes,no,no,no,16.3800,-86.3700,4.5,100,Daily by arrangement; 3–5 hour tours,"Guided kayak tours through the magical mangrove tunnels of Oak Ridge, Roatan's 'Venice.' Paddle past stilt houses, spot incredible birdlife, and explore untouched waterways. Life jackets and snorkel gear included. A peaceful adventure off the tourist trail.",
b020,Naboo Restaurant,eat,Caribbean Fusion,West Bay,$$,no,active,yes,"Refined Caribbean fusion at this adults-only West Bay resort restaurant. Exquisite local cuisine, fresh seafood, and tropical garden ambiance with stunning ocean views. Surprisingly reasonable prices for the quality and setting.",yes,no,no,no,16.2795,-86.5960,4.8,139,Daily 7am–8:30pm,"Refined Caribbean fusion at this adults-only West Bay resort restaurant. Exquisite local cuisine, fresh seafood, and tropical garden ambiance with stunning ocean views. Surprisingly reasonable prices for the quality and setting.",
b007,Pazzo Italian Restaurant,eat,Italian,West End,$$,no,active,yes,"Tiny 25-seat Italian bistro where Chef Gianni handmakes every pasta dish to order. BYOB, reservations required 2+ weeks in advance — and absolutely worth the planning. Bruschetta and lasagna are the stuff of Roatan legend.",yes,no,no,no,16.3075,-86.5535,4.8,250,Mon–Fri 5:30pm–9pm; Closed Sat & Sun,"Tiny 25-seat Italian bistro where Chef Gianni handmakes every pasta dish to order. BYOB, reservations required 2+ weeks in advance — and absolutely worth the planning. Bruschetta and lasagna are the stuff of Roatan legend.",
b123,Punta Gorda Cultural Tour,tours,Cultural Tour,Punta Gorda,$,no,active,yes,"Authentic Garifuna cultural experience in Honduras' oldest village, founded 1797. Traditional punta drumming, local cuisine (Machuca, yucca bread), and Guifity herbal beverages. UNESCO-recognized heritage brought to life by the community that keeps it alive.",yes,no,no,no,16.3500,-86.4000,4.5,50,Daily; book ahead,"Authentic Garifuna cultural experience in Honduras' oldest village, founded 1797. Traditional punta drumming, local cuisine (Machuca, yucca bread), and Guifity herbal beverages. UNESCO-recognized heritage brought to life by the community that keeps it alive.",
b176,Reef Rider Jet Ski Rentals,rentals,Jet Ski,West Bay,$$,no,active,yes,"Jet ski rentals on West Bay Beach — $85 for 30 minutes, accommodates 2 riders. Guided tours and free-ride options with Yamaha jet skis. Fuel, insurance, and life jackets included. Minimum age 6 (passenger), 14 (driver with parent).",yes,no,no,no,16.2775,-86.5975,4.5,50,Daily daylight hours,"Jet ski rentals on West Bay Beach — $85 for 30 minutes, accommodates 2 riders. Guided tours and free-ride options with Yamaha jet skis. Fuel, insurance, and life jackets included. Minimum age 6 (passenger), 14 (driver with parent).",
b163,Roatan Backpackers' Hostel,stay,Hostel,Sandy Bay,$,no,active,yes,"Sandy Bay hostel with dorms from $18/night, private rooms, a pool with waterfall, and communal kitchen. Near Anthony's Key dolphins and botanical gardens. Owner Mel makes everyone feel at home. The social hub for budget travelers on Roatan.",yes,no,no,no,16.3180,-86.5680,4.0,426,24/7,"Sandy Bay hostel with dorms from $18/night, private rooms, a pool with waterfall, and communal kitchen. Near Anthony's Key dolphins and botanical gardens. Owner Mel makes everyone feel at home. The social hub for budget travelers on Roatan.",
b067,Roatan Divers,dive,Dive Shop,West End,$$,YES,active,yes,"Multi-award-winning PADI 5-Star IDC Eco Center with a fleet of 4 fast custom boats and private docks. Boutique diving focused on small groups, personalized service, and environmental responsibility. The gold standard for Roatan diving.",yes,yes,no,no,16.3055,-86.5895,5.0,500,Daily,"Multi-award-winning PADI 5-Star IDC Eco Center with a fleet of 4 fast custom boats and private docks. Boutique diving focused on small groups, personalized service, and environmental responsibility. The gold standard for Roatan diving.",
b179,Roatan Ferry Terminal (Galaxy Wave),transport,Ferry,Dixon Cove,$,YES,active,yes,"Ferry service connecting Roatan to La Ceiba on the mainland via the Galaxy Wave — a 152-foot catamaran carrying 460 passengers. 75-minute crossing, modern Easy Ticket kiosks, free parking, and cafeteria onboard. Your gateway to the mainland.",yes,no,no,yes,16.3300,-86.5400,,,La Ceiba→Roatan 9:30am & 4:30pm; Roatan→La Ceiba 7am & 2pm,"Ferry service connecting Roatan to La Ceiba on the mainland via the Galaxy Wave — a 152-foot catamaran carrying 460 passengers. 75-minute crossing, modern Easy Ticket kiosks, free parking, and cafeteria onboard. Your gateway to the mainland.",
b003,Roatan Oasis,eat,Fine Dining,West End,$$$,YES,active,yes,"Top-rated fine dining in West End with an internationally inspired, ever-changing menu. Steaks, fresh-caught seafood, and the island's largest craft beer selection. Stunning sunset views — reserve ahead, this intimate gem fills up fast.",yes,yes,no,no,16.3080,-86.5530,4.8,1104,Tue–Fri 5:30pm–8pm; Reservations required,"Top-rated fine dining in West End with an internationally inspired, ever-changing menu. Steaks, fresh-caught seafood, and the island's largest craft beer selection. Stunning sunset views — reserve ahead, this intimate gem fills up fast.",
b173,Roatan PaddleSports Rentals,rentals,Kayak Rental,West End,$,no,active,yes,"Paddleboard and kayak rentals from the West End waterfront at Half Moon Bay. Hourly, daily, weekly, and monthly rates. Professional instruction available. Two locations — the easiest way to get on the water and explore the coastline.",yes,no,no,no,16.3060,-86.5890,4.5,100,Daily,"Paddleboard and kayak rentals from the West End waterfront at Half Moon Bay. Hourly, daily, weekly, and monthly rates. Professional instruction available. Two locations — the easiest way to get on the water and explore the coastline.",
b119,Roatan Rum Company,tours,Food Tour,West Bay,$,no,active,yes,Craft rum distillery between West End and West Bay with free tastings and rum cake samples. The 'Blendatorium' lets you create your own custom rum from 50+ natural extracts ($29–$39). Caribbean Sea views and a fusion bar. A must-stop.,yes,no,no,no,16.2850,-86.5930,4.5,300,Mon–Fri 9am–5pm,Craft rum distillery between West End and West Bay with free tastings and rum cake samples. The 'Blendatorium' lets you create your own custom rum from 50+ natural extracts ($29–$39). Caribbean Sea views and a fusion bar. A must-stop.,
b034,Romeo's Restaurant,eat,Italian,French Harbour,$$,no,active,yes,"Elegant waterfront Italian dining in French Harbour since 1978. Wood-fired pizza from a proper oven, USDA choice steaks, a fresh herb garden, and an excellent wine list. One of Roatan's oldest and most respected restaurants.",yes,no,no,no,16.3340,-86.5160,4.5,168,Mon–Sat lunch & dinner,"Elegant waterfront Italian dining in French Harbour since 1978. Wood-fired pizza from a proper oven, USDA choice steaks, a fresh herb garden, and an excellent wine list. One of Roatan's oldest and most respected restaurants.",
b099,Roots Reggae Bar,nightlife,Reggae Bar,West End,$,no,active,yes,"Authentic reggae bar in West End with Garifuna music, local DJs, and a true Caribbean groove. No cover, cold beers, and a dance floor that feels like the real island. Come for the music, stay for the vibe.",yes,no,no,no,16.3094,-86.5516,,,Nightly,"Authentic reggae bar in West End with Garifuna music, local DJs, and a true Caribbean groove. No cover, cold beers, and a dance floor that feels like the real island. Come for the music, stay for the vibe.",
b116,Ruthless Roatan Charters,tours,Fishing,West End,$$,no,active,yes,"Deep sea and reef fishing charters from Half Moon Bay — blue marlin, sailfish, mahi-mahi, and wahoo. All trips include catered appetizers, cold beverages, and fresh tuna sashimi if caught. Vintage luxury boats with shade and indoor seating.",yes,no,no,no,16.3060,-86.5890,4.8,379,"Sunrise, sunset, and full-day trips","Deep sea and reef fishing charters from Half Moon Bay — blue marlin, sailfish, mahi-mahi, and wahoo. All trips include catered appetizers, cold beverages, and fresh tuna sashimi if caught. Vintage luxury boats with shade and indoor seating.",
b053,San Simon Beach Club,drink,Beach Bar,West Bay,$$$,no,active,yes,"West Bay's most exclusive beach club with beachside bars, fusion cuisine, lounging beds, and Roatan's premier wedding venue. Barefoot luxury on white sand with genius cocktails and the Caribbean at your feet. Day passes available.",yes,no,no,no,16.2765,-86.5985,4.2,84,Daily; day passes available,"West Bay's most exclusive beach club with beachside bars, fusion cuisine, lounging beds, and Roatan's premier wedding venue. Barefoot luxury on white sand with genius cocktails and the Caribbean at your feet. Day passes available.",
b012,Sandy Buns Bakery,eat,Cafe,West End,$,YES,active,yes,"Voted #1 restaurant in West End by locals. Famous cinnamon rolls, Texas-style smoked brisket, and freshly baked breads by a former Texas couple. Gluten-free options with a dedicated fryer. Breakfast and lunch only — get there early.",yes,yes,no,no,16.3065,-86.5895,4.7,368,Daily 8am–3pm,"Voted #1 restaurant in West End by locals. Famous cinnamon rolls, Texas-style smoked brisket, and freshly baked breads by a former Texas couple. Gluten-free options with a dedicated fryer. Breakfast and lunch only — get there early.",
b114,South Shore Canopy Zipline,tours,Zipline,West Bay,$$,no,active,yes,"Adrenaline-pumping zipline park with 11 cables, 12 platforms, and a 1,300-foot longest line across 28 acres of eco-park. Speeds up to 40 mph, 100 feet above the canopy. 45-minute guided tours with cultural narration. $65–$115.",yes,no,no,no,16.2820,-86.5940,4.5,1023,Daily 8am–3:30pm,"Adrenaline-pumping zipline park with 11 cables, 12 platforms, and a 1,300-foot longest line across 28 acres of eco-park. Speeds up to 40 mph, 100 feet above the canopy. 45-minute guided tours with cultural narration. $65–$115.",
b068,Sun Divers Roatan,dive,Dive Shop,West End,$$,no,active,yes,"Roatan's first-ever PADI Eco Center, run by husband-wife team Shannon and Natalie. Concierge-style service, active coral restoration programs, and a deep commitment to reef conservation. Diving with a purpose on the Mesoamerican Barrier Reef.",yes,no,no,no,16.3058,-86.5892,5.0,300,Daily,"Roatan's first-ever PADI Eco Center, run by husband-wife team Shannon and Natalie. Concierge-style service, active coral restoration programs, and a deep commitment to reef conservation. Diving with a purpose on the Mesoamerican Barrier Reef.",
b001,Sundowners Bar & Grill,eat,Seafood,West End,$$,YES,active,yes,"Iconic West End waterfront restaurant and bar on Half Moon Bay Beach. Fresh seafood, Caribbean favorites, famous Monkey La La cocktails, and the best sunset views on Roatan. Live music Tue & Fri nights.",yes,yes,no,no,16.3066,-86.5926,4.5,1562,Daily 7am–10pm; Happy Hour 5–7pm,"Iconic West End waterfront restaurant and bar on Half Moon Bay Beach. Fresh seafood, Caribbean favorites, famous Monkey La La cocktails, and the best sunset views on Roatan. Live music Tue & Fri nights.",
b041,Sundowners Beach Bar,drink,Beach Bar,West End,$,YES,active,yes,"The beating heart of West End nightlife, right on Half Moon Bay Beach. Cold Salva Vidas, tropical cocktails, and Roatan's best sunset — this is where every night out on the island begins. Live music, good vibes, sandy toes.",yes,no,no,no,16.3066,-86.5926,4.6,1562,Daily 11am–10pm; Happy Hour 5–7pm,"The beating heart of West End nightlife, right on Half Moon Bay Beach. Cold Salva Vidas, tropical cocktails, and Roatan's best sunset — this is where every night out on the island begins. Live music, good vibes, sandy toes.",
b092,Sundowners Live Music Nights,nightlife,Live Music,West End,$,no,active,yes,"Sundowners transforms into the island's best live music venue on Tuesday and Friday nights. Local bands, barefoot dancing on the beach, and a sunset backdrop that no concert hall can match. The soundtrack of Roatan.",yes,no,no,no,16.3066,-86.5926,4.6,1562,Live music Tue & Fri nights,"Sundowners transforms into the island's best live music venue on Tuesday and Friday nights. Local bands, barefoot dancing on the beach, and a sunset backdrop that no concert hall can match. The soundtrack of Roatan.",
b192,Tabyana Beach,beaches,Beach Club,West Bay,$$,no,active,yes,"Rated among the best beaches in the Caribbean with the reef just 70 feet from shore. White sand, crystal-clear water, excellent snorkeling, kayaking, and banana boats. Organized chairs, umbrellas, restrooms, and a restaurant. Popular cruise excursion destination.",yes,no,no,no,16.2760,-86.5970,4.5,1000,Daily; lounge chair rentals available,"Rated among the best beaches in the Caribbean with the reef just 70 feet from shore. White sand, crystal-clear water, excellent snorkeling, kayaking, and banana boats. Organized chairs, umbrellas, restrooms, and a restaurant. Popular cruise excursion destination.",
b044,Tequila Jacks,drink,Cocktail Bar,West End,$$,no,active,yes,"Craft cocktails, tequila flights, and handmade mojitos at the Brisas del Mar hotel pool bar. Friday night bingo, live bands, and their famous Monkey La La keep the crowd coming back. West End's hottest new gathering spot.",yes,no,no,no,16.3093,-86.5517,,,"Daily; Happy Hour, Fri bingo, live bands","Craft cocktails, tequila flights, and handmade mojitos at the Brisas del Mar hotel pool bar. Friday night bingo, live bands, and their famous Monkey La La keep the crowd coming back. West End's hottest new gathering spot.",
b156,The Beach House,stay,Hotel,West End,$$,no,active,yes,"Intimate 14-room beachfront boutique hotel considered the best place to stay in West End. Overlooking Half Moon Bay with AC suites, daily made-to-order breakfast, and the acclaimed Mila del Mar restaurant downstairs. From $237/night.",yes,no,no,no,16.3060,-86.5900,4.0,577,24/7,"Intimate 14-room beachfront boutique hotel considered the best place to stay in West End. Overlooking Half Moon Bay with AC suites, daily made-to-order breakfast, and the acclaimed Mila del Mar restaurant downstairs. From $237/night.",
b019,Thirsty Turtle,eat,Pizza,West Bay,$$,YES,active,yes,"Lively beachfront bar and restaurant at Bananarama on West Bay Beach. Wood-fired brick oven pizza, sunset cocktails, and nightly entertainment — karaoke, trivia, crab races, and fire dancers. The fun never stops at the Turtle.",yes,no,no,no,16.2780,-86.5970,4.2,1366,"Daily breakfast, lunch, dinner; Happy Hour 4–6pm","Lively beachfront bar and restaurant at Bananarama on West Bay Beach. Wood-fired brick oven pizza, sunset cocktails, and nightly entertainment — karaoke, trivia, crab races, and fire dancers. The fun never stops at the Turtle.",
b132,Town Center at Port of Roatan,shop,Shopping Center,Coxen Hole,$$,no,active,yes,"Duty-free shopping mall at the Port of Roatan cruise terminal. Jewelry, cigars, chocolate, souvenirs, and local artisan gifts spread across 6.5 acres. Serves 580,000+ cruise passengers annually — your first taste of the island.",yes,no,no,no,16.3240,-86.5350,,,Open with cruise ship schedules,"Duty-free shopping mall at the Port of Roatan cruise terminal. Jewelry, cigars, chocolate, souvenirs, and local artisan gifts spread across 6.5 acres. Serves 580,000+ cruise passengers annually — your first taste of the island.",
b158,Tranquilseas Eco Lodge & Dive Center,stay,Eco Lodge,Sandy Bay,$$,no,active,yes,"Ranked #1 eco lodge on Roatan with a 9.3/10 on Booking.com. PADI dive resort in Sandy Bay with The Sunken Fish restaurant, outdoor pool, and the friendliest staff on the island. Peaceful, personal, sustainable. From $170/night.",yes,no,no,no,16.3200,-86.5650,4.5,500,Front desk 8:30am–6:30pm,"Ranked #1 eco lodge on Roatan with a 9.3/10 on Booking.com. PADI dive resort in Sandy Bay with The Sunken Fish restaurant, outdoor pool, and the friendliest staff on the island. Peaceful, personal, sustainable. From $170/night.",
b025,Vintage Pearl,eat,Fine Dining,West Bay,$$$,no,active,yes,French-Caribbean fine dining at Bananarama Resort with the island's largest wine cellar — a 6-page list. Walk barefoot down a tiki-lit sandy path to a candlelit table. The Sunday brunch is legendary. Worth every lempira.,yes,no,no,no,16.2775,-86.5975,4.5,928,Dinner nightly; Sunday brunch; Reservations recommended,French-Caribbean fine dining at Bananarama Resort with the island's largest wine cellar — a 6-page list. Walk barefoot down a tiki-lit sandy path to a candlelit table. The Sunday brunch is legendary. Worth every lempira.,
b134,Waves of Art,shop,Art Gallery,West End,$,no,active,yes,"Eye-catching folk art gallery in West End supporting fair trade organizations and local artisan co-ops. Custom framing, watercolors, fine art, and unique handmade gifts. Colorful, curated, and deeply connected to Roatan's creative community.",yes,no,no,no,16.3090,-86.5520,4.5,50,Mon–Sat,"Eye-catching folk art gallery in West End supporting fair trade organizations and local artisan co-ops. Custom framing, watercolors, fine art, and unique handmade gifts. Colorful, curated, and deeply connected to Roatan's creative community.",
b189,West Bay Beach,beaches,Public Beach,West Bay,$,YES,active,yes,"Roatan's most famous beach — #1 in Central America and ranked 9th globally. Powdery white sand, crystal-clear turquoise water, and the Mesoamerican Barrier Reef just offshore. Restaurants, bars, water sports, and loungers line the shore. The Caribbean dream, realized.",yes,yes,no,yes,16.2770,-86.5980,4.8,5000,Open 24/7; dawn–dusk recommended,"Roatan's most famous beach — #1 in Central America and ranked 9th globally. Powdery white sand, crystal-clear turquoise water, and the Mesoamerican Barrier Reef just offshore. Restaurants, bars, water sports, and loungers line the shore. The Caribbean dream, realized.",
b097,West Bay Beach Bonfire,nightlife,Beach Party,West Bay,$,no,active,yes,"Beach bonfire nights on West Bay Beach with fire dancers, acoustic music, and dancing under the stars. Lobster bakes and BBQ beside crackling flames on white sand. The kind of night you came to the Caribbean for.",yes,no,no,no,16.2775,-86.5975,,,Regular evenings; check locally,"Beach bonfire nights on West Bay Beach with fire dancers, acoustic music, and dancing under the stars. Lobster bakes and BBQ beside crackling flames on white sand. The kind of night you came to the Caribbean for.",
b074,West Bay Divers,dive,Dive Shop,West Bay,$$,no,active,yes,"PADI 5-Star Dive Center with two locations right on West Bay Beach. 100+ years combined staff experience, 15 PADI specialty courses, and direct access to the world's second-largest barrier reef. Perfect for beginners and pros alike.",yes,no,no,no,16.2770,-86.5975,4.8,944,"Daily; 2-tank trip 9am, 1-tank trip 2pm","PADI 5-Star Dive Center with two locations right on West Bay Beach. 100+ years combined staff experience, 15 PADI specialty courses, and direct access to the world's second-largest barrier reef. Perfect for beginners and pros alike.",
b180,West Bay Water Taxi,transport,Water Taxi,West End,$,no,active,yes,"Water taxi between West End and West Bay Beach — a scenic 10-minute ride through the lagoon for about $3. The fun, fast alternative to the road. Minimum 3 passengers per trip. Catch one at Infinity Bay or Foster's dock.",yes,no,no,no,16.3060,-86.5890,,,Daily ~7am–sunset; ~60 Lps ($3) daytime,"Water taxi between West End and West Bay Beach — a scenic 10-minute ride through the lagoon for about $3. The fun, fast alternative to the road. Minimum 3 passengers per trip. Catch one at Infinity Bay or Foster's dock.",
b191,West End Beach,beaches,Public Beach,West End,$,no,active,yes,"Mile-long relaxed beach along the West End strip, popular with backpackers and divers. Budget accommodations, dive shops, and bars line the shore. Reef close enough to swim to. The laid-back, no-frills side of Roatan's main tourist village.",yes,no,no,no,16.3080,-86.5510,4.0,200,Open 24/7,"Mile-long relaxed beach along the West End strip, popular with backpackers and divers. Budget accommodations, dive shops, and bars line the shore. Reef close enough to swim to. The laid-back, no-frills side of Roatan's main tourist village.",
b069,West End Divers,dive,Dive Shop,West End,$$,no,active,yes,"The longest continuously operating dive shop in West End — a PADI 5-Star Dive Center since 1991. The only shop offering blackwater dive service on Roatan. Spacious boats, well-maintained gear, and decades of reef knowledge.",yes,no,no,no,16.3062,-86.5888,4.8,400,Daily,"The longest continuously operating dive shop in West End — a PADI 5-Star Dive Center since 1991. The only shop offering blackwater dive service on Roatan. Spacious boats, well-maintained gear, and decades of reef knowledge.",
b136,Wild Roatan,shop,Gift Shop,West End,$$,no,active,yes,"Conservation-focused West End shop selling eco-friendly clothing, reef-safe sunscreen, batana oil, natural soaps, and island-branded gear. Proceeds fund wildlife conservation and beach cleanup projects. Shop with purpose.",yes,no,no,no,16.3088,-86.5518,,,Daily,"Conservation-focused West End shop selling eco-friendly clothing, reef-safe sunscreen, batana oil, natural soaps, and island-branded gear. Proceeds fund wildlife conservation and beach cleanup projects. Shop with purpose.",